time,latitude,longitude,depth,mag,magType,nst,gap,dmin,rms,net,id,updated,place,type,horizontalError,depthError,magError,magNst,status,locationSource,magSource
2023-10-08T06:15:09.348Z,37.8951,73.8062,11.143,4.2,mb,22,136,2.228,0.74,us,us6000ldyr,2023-10-08T06:48:11.040Z,"33 km SSW of Murghob, Tajikistan",earthquake,7.9,6.101,0.167,10,reviewed,us,us
2023-10-08T02:47:29.433Z,34.4729,62.067,10,4.2,mb,32,196,5.76,0.9,us,us6000ldxr,2023-10-08T03:38:09.688Z,"western Afghanistan",earthquake,7.46,1.959,0.131,17,reviewed,us,us
2023-10-07T11:27:42.535Z,34.5599,62.0272,10.877,4.3,mb,34,112,5.79,0.72,us,us6000ldts,2023-10-07T18:39:37.591Z,"28 km NW of Herāt, Afghanistan",earthquake,7.65,5.401,0.148,13,reviewed,us,us
2023-10-07T09:40:31.097Z,34.6726,61.9893,9.302,4.9,mb,89,88,5.819,1.04,us,us6000ldt7,2023-10-07T20:03:29.212Z,"western Afghanistan",earthquake,7.96,4.222,0.049,130,reviewed,us,us
2023-10-07T09:27:19.125Z,34.6094,62.0538,10.233,4.8,mb,46,94,5.767,0.83,us,us6000ldsx,2023-10-07T09:45:11.040Z,"31 km NNW of Herāt, Afghanistan",earthquake,9.59,4.532,0.074,56,reviewed,us,us
2023-10-07T08:06:37.093Z,34.6691,61.926,10,4.6,mb,28,150,5.871,0.53,us,us6000ldq8,2023-10-07T08:30:31.040Z,"33 km SSE of Qarah Bāgh, Afghanistan",earthquake,10.19,1.933,0.129,18,reviewed,us,us
2023-10-07T07:40:29.417Z,34.6391,62.0327,7.726,5.9,mww,126,43,5.783,0.71,us,us6000ldpv,2023-10-08T07:47:17.831Z,"35 km NNW of Herāt, Afghanistan",earthquake,7.26,3.844,0.054,33,reviewed,us,us
2023-10-07T07:12:50.042Z,34.5743,61.9037,10,6.3,mww,136,22,5.891,0.72,us,us6000ldpm,2023-10-08T07:20:11.067Z,"29 km NNE of Zindah Jān, Afghanistan",earthquake,7.78,1.772,0.051,37,reviewed,us,us
2023-10-07T07:10:34.212Z,34.5765,61.9105,10,4.7,mb,58,101,5.886,1.01,us,us6000ldpl,2023-10-07T18:37:49.825Z,"29 km NNE of Zindah Jān, Afghanistan",earthquake,10.15,1.896,0.07,61,reviewed,us,us
2023-10-07T06:49:41.577Z,34.5414,61.9547,11.438,5.5,mb,94,54,5.85,0.5,us,us6000ldph,2023-10-08T06:56:09.755Z,"29 km NE of Zindah Jān, Afghanistan",earthquake,8.97,4.093,0.036,266,reviewed,us,us
2023-10-07T06:41:03.428Z,34.6102,61.9242,14,6.3,mww,187,25,5.873,0.56,us,us6000ldpg,2023-10-08T06:48:39.958Z,"33 km NNE of Zindah Jān, Afghanistan",earthquake,8.2,1.562,0.048,41,reviewed,us,us
2023-10-03T10:59:08.800Z,36.4956,70.8737,188.04,4.4,mb,108,73,2.456,0.59,us,us6000lcgx,2023-10-04T09:46:22.040Z,"41 km S of Jurm, Afghanistan",earthquake,6.35,7.144,0.059,82,reviewed,us,us
2023-10-02T14:03:40.142Z,38.8167,71.6851,13.617,5.3,mww,112,41,0.666,1.14,us,us6000lc91,2023-10-02T14:23:19.040Z,"48 km SSE of Karakenja, Tajikistan",earthquake,4.92,3.372,0.061,26,reviewed,us,us
2023-09-30T08:30:17.664Z,36.7606,71.1932,211.728,4.2,mb,41,106,2.754,0.58,us,us6000lbvx,2023-09-30T08:45:22.040Z,"31 km WNW of Ashkāsham, Afghanistan",earthquake,4.73,10.679,0.1,28,reviewed,us,us
2023-09-26T06:53:25.822Z,34.9414,73.8424,10,4.5,mb,60,65,1.372,0.62,us,us7000ky4x,2023-10-02T05:27:24.040Z,"Pakistan",earthquake,6.9,1.83,0.089,37,reviewed,us,us
2023-09-26T01:37:05.150Z,36.1332,70.4479,138.859,4.2,mb,21,115,1.96,0.49,us,us7000ky39,2023-09-26T23:03:00.040Z,"Hindu Kush region, Afghanistan",earthquake,5.82,19.114,0.374,2,reviewed,us,us
2023-09-24T17:39:03.082Z,36.1424,70.9396,94.55,4.3,mb,64,66,2.226,0.66,us,us7000kxui,2023-10-01T15:26:32.040Z,"80 km N of Pārūn, Afghanistan",earthquake,6.44,2.978,0.084,40,reviewed,us,us
2023-09-22T23:39:32.306Z,37.4957,73.2678,92.994,4.3,mb,26,71,2.29,0.53,us,us7000kxju,2023-09-29T05:24:07.040Z,"96 km SW of Murghob, Tajikistan",earthquake,8,11.308,0.177,9,reviewed,us,us
2023-09-22T13:53:51.403Z,36.6788,71.0485,215.493,4.1,mb,29,72,2.555,0.36,us,us7000kxe1,2023-10-01T04:52:11.040Z,"28 km SE of Jurm, Afghanistan",earthquake,6.59,7.121,0.158,11,reviewed,us,us
2023-09-22T02:21:45.316Z,36.6065,70.9835,205.225,4.4,mb,64,93,2.58,0.75,us,us7000kxa5,2023-09-22T03:08:53.040Z,"31 km SSE of Jurm, Afghanistan",earthquake,5.54,7.438,0.079,46,reviewed,us,us
2023-09-21T06:34:25.844Z,36.1245,68.438,120.966,4.1,mb,18,122,1.656,0.8,us,us7000kx1q,2023-09-21T07:12:53.040Z,"Hindu Kush region, Afghanistan",earthquake,7.53,12.832,0.261,4,reviewed,us,us
2023-09-19T05:28:39.623Z,37.4019,73.0686,54.312,4.6,mb,63,54,2.3,0.59,us,us7000kwm4,2023-10-01T04:25:49.040Z,"83 km NE of Khandūd, Afghanistan",earthquake,6.74,6.713,0.072,57,reviewed,us,us
2023-09-18T16:32:02.124Z,36.3164,59.5396,10,3.8,mb,23,195,1.971,0.65,us,us7000kwhq,2023-09-27T15:40:19.476Z,"6 km WNW of Mashhad, Iran",earthquake,6.29,2.002,0.207,6,reviewed,us,us
2023-09-17T16:23:34.911Z,38.7506,71.7288,37.855,4.6,mb,49,42,2.131,1.17,us,us7000kwbr,2023-09-17T17:07:24.040Z,"Afghanistan-Tajikistan border region",earthquake,5.06,6.215,0.066,69,reviewed,us,us
2023-09-17T00:04:18.870Z,38.8834,71.7698,10,4.3,mb,48,43,0.594,0.92,us,us7000kw8y,2023-10-08T04:16:05.040Z,"44 km SSE of Karakenja, Tajikistan",earthquake,6.27,1.905,0.119,20,reviewed,us,us
2023-09-16T06:48:26.227Z,36.5097,71.238,112.221,4.2,mb,30,80,2.658,0.83,us,us7000kw58,2023-09-27T11:39:15.040Z,"32 km SW of Ashkāsham, Afghanistan",earthquake,8.23,6.266,0.167,12,reviewed,us,us
2023-09-16T05:28:06.936Z,36.6407,71.3947,125.235,4.2,mb,27,78,2.765,0.81,us,us7000kw4v,2023-09-27T10:30:12.040Z,"13 km WSW of Ashkāsham, Afghanistan",earthquake,7.81,12.705,0.216,6,reviewed,us,us
2023-09-15T17:15:09.384Z,37.1337,71.7163,132.66,4.3,mb,38,61,2.341,0.62,us,us7000kw0d,2023-09-16T12:27:50.460Z,"Afghanistan-Tajikistan border region",earthquake,6.21,8.565,0.096,31,reviewed,us,us
2023-09-07T18:04:00.608Z,36.5543,71.511,114.637,4.1,mb,67,72,2.843,0.45,us,us7000ku08,2023-09-13T15:35:44.040Z,"14 km S of Ashkāsham, Afghanistan",earthquake,7.02,6.18,0.083,39,reviewed,us,us
2023-09-06T03:05:33.131Z,37.5277,72.2476,178.863,4,mb,36,77,1.978,0.59,us,us7000ktk9,2023-10-05T05:08:14.040Z,"61 km E of Khorugh, Tajikistan",earthquake,7.59,6.48,0.164,10,reviewed,us,us
2023-09-05T18:02:04.607Z,36.4881,70.444,203.373,4.6,mb,133,39,2.255,0.69,us,us7000kthe,2023-09-29T16:37:14.040Z,"53 km E of Farkhār, Afghanistan",earthquake,6.85,4.978,0.044,163,reviewed,us,us
2023-09-05T12:09:35.825Z,36.097,69.6911,114.024,4.3,mb,35,85,1.641,0.61,us,us7000ktdu,2023-09-08T21:12:26.040Z,"50 km E of Nahrīn, Afghanistan",earthquake,6.5,5.537,0.201,7,reviewed,us,us
2023-09-04T07:08:12.319Z,37.2064,71.7617,134.059,4.4,mb,98,60,2.268,0.55,us,us7000kt4v,2023-10-04T21:14:12.040Z,"36 km SSE of Khorugh, Tajikistan",earthquake,5.88,7.028,0.066,69,reviewed,us,us
2023-09-04T01:38:49.714Z,36.3718,70.9751,104.398,4.3,mb,39,73,2.413,0.56,us,us7000kt3g,2023-10-05T02:09:35.040Z,"56 km SSE of Jurm, Afghanistan",earthquake,7.61,8.43,0.129,17,reviewed,us,us
2023-09-03T21:43:45.667Z,36.6512,71.4936,102.322,4.1,mb,34,70,2.812,0.45,us,us7000kt2l,2023-10-02T03:39:02.040Z,"5 km SW of Ashkāsham, Afghanistan",earthquake,7.76,10.957,0.131,16,reviewed,us,us
2023-09-02T22:34:38.584Z,36.4444,71.0815,244.47,4,mb,40,75,2.525,0.45,us,us7000ksxa,2023-09-08T04:03:29.040Z,"48 km WSW of Ashkāsham, Afghanistan",earthquake,7.92,7.969,0.144,13,reviewed,us,us
2023-08-31T18:45:19.038Z,38.0851,73.0729,50.206,4.8,mb,80,45,1.71,0.88,us,us7000ksgl,2023-10-04T19:35:09.040Z,"Tajikistan-Xinjiang border region",earthquake,3.17,6.22,0.058,92,reviewed,us,us
2023-08-31T16:53:12.225Z,34.6691,69.5179,14.895,4.6,mb,114,39,0.412,1.09,us,us7000ksg5,2023-10-03T14:27:23.040Z,"23 km SSW of Tagāb, Afghanistan",earthquake,5.87,4.247,0.057,95,reviewed,us,us
2023-08-31T01:46:18.910Z,36.6357,71.1738,211.373,4.4,mb,85,86,2.652,0.57,us,us7000ks95,2023-09-16T22:47:07.547Z,"32 km W of Ashkāsham, Afghanistan",earthquake,7.81,6.305,0.065,68,reviewed,us,us
2023-08-29T03:02:22.966Z,37.1018,71.5795,190.318,4,mb,19,147,2.378,0.78,us,us7000krtb,2023-09-28T04:38:20.040Z,"41 km N of Ishqoshim, Tajikistan",earthquake,10.15,12.832,0.258,4,reviewed,us,us
2023-08-28T04:35:08.795Z,36.4901,70.3356,202.515,4.8,mb,96,41,2.212,0.79,us,us7000krez,2023-09-28T04:00:08.040Z,"43 km ESE of Farkhār, Afghanistan",earthquake,6.91,5.133,0.041,188,reviewed,us,us
2023-08-26T11:21:36.084Z,36.5918,71.0049,210.505,4.1,mb,27,104,2.597,0.47,us,us7000kr5z,2023-10-04T07:40:31.040Z,"33 km SSE of Jurm, Afghanistan",earthquake,4.74,7.549,0.127,18,reviewed,us,us
2023-08-25T11:34:24.696Z,36.4588,71.1784,103.804,4.2,mb,24,75,2.588,0.35,us,us7000kqxw,2023-09-03T06:42:25.040Z,"Afghanistan-Tajikistan-Pakistan region",earthquake,7.16,5.503,0.141,14,reviewed,us,us
2023-08-21T14:12:26.659Z,37.7392,72.0545,117.816,4.1,mb,33,122,1.747,0.77,us,us7000kpwc,2023-08-30T17:31:30.040Z,"52 km ENE of Khorugh, Tajikistan",earthquake,7.41,5.426,0.184,8,reviewed,us,us
2023-08-21T04:40:02.617Z,36.5249,70.9438,182.685,4.5,mb,77,43,2.514,0.82,us,us7000kpsr,2023-09-20T22:38:06.040Z,"",earthquake,6.48,5.694,0.063,73,reviewed,us,us
2023-08-19T05:38:24.520Z,37.5458,72.3175,192.042,4.2,mb,34,90,1.971,0.72,us,us7000kpf7,2023-08-31T05:44:54.040Z,"Tajikistan",earthquake,7.2,8.639,0.152,12,reviewed,us,us
2023-08-19T03:43:26.360Z,36.2782,70.8513,101.283,4.6,mb,64,77,2.277,0.94,us,us7000kper,2023-09-09T04:51:30.673Z,"65 km S of Jurm, Afghanistan",earthquake,6.82,6.801,0.049,123,reviewed,us,us
2023-08-13T09:21:48.450Z,36.2423,70.2011,144.421,4.2,mb,44,77,1.943,0.52,us,us6000kzny,2023-08-28T04:45:33.040Z,"47 km SE of Farkhār, Afghanistan",earthquake,7.29,9.437,0.113,22,reviewed,us,us
2023-08-12T00:29:36.076Z,38.8137,70.3039,17.091,4,mb,31,94,1.025,0.95,us,us6000kzhe,2023-09-14T22:09:22.040Z,"24 km SSW of Rasht, Tajikistan",earthquake,5.1,6.355,0.155,11,reviewed,us,us
2023-08-08T10:42:25.065Z,37.0985,71.5785,116.177,4.4,mb,26,87,2.382,0.48,us,us7000knpv,2023-09-15T08:13:31.040Z,"41 km N of Ishqoshim, Tajikistan",earthquake,6.79,8.59,0.241,5,reviewed,us,us
2023-08-07T15:47:40.042Z,36.4929,71.3131,98.143,4.2,mb,31,84,2.687,1.04,us,us6000kyg9,2023-08-21T19:08:01.040Z,"28 km SW of Ashkāsham, Afghanistan",earthquake,5.88,9.513,0.159,11,reviewed,us,us
2023-08-07T01:33:06.512Z,36.6988,71.272,192.596,4.1,mb,24,89,2.656,0.7,us,us6000kydf,2023-09-07T00:26:39.040Z,"23 km W of Ashkāsham, Afghanistan",earthquake,8.08,5.973,0.165,10,reviewed,us,us
2023-08-07T00:07:57.618Z,37.2546,71.746,114.539,4.4,mb,55,85,2.22,0.84,us,us6000kycy,2023-08-31T03:19:47.040Z,"31 km SSE of Khorugh, Tajikistan",earthquake,5.91,7.26,0.087,38,reviewed,us,us
2023-08-06T13:23:14.830Z,36.5314,70.9379,85.167,5.1,mb,140,57,2.516,0.73,us,us6000ky9w,2023-09-15T20:13:06.040Z,"38 km SSE of Jurm, Afghanistan",earthquake,6.7,6.155,0.037,245,reviewed,us,us
2023-08-06T00:32:49.691Z,36.431,70.6689,218.046,5.3,mww,189,27,2.306,0.71,us,us6000ky6s,2023-09-08T15:11:20.524Z,"Badakhshan, Afghanistan",earthquake,7.27,4.318,0.054,33,reviewed,us,us
2023-08-05T16:01:49.816Z,36.4504,70.7227,209,5.8,mww,211,15,2.347,0.88,us,us6000ky4d,2023-10-07T21:38:59.040Z,"47 km SSW of Jurm, Afghanistan",earthquake,6.72,1.626,0.061,26,reviewed,us,us
2023-08-05T14:47:17.093Z,36.539,71.3177,118.561,4.2,mb,20,120,2.723,0.41,us,us6000ky44,2023-10-07T21:38:59.040Z,"25 km SW of Ashkāsham, Afghanistan",earthquake,4.85,9.866,0.199,8,reviewed,us,us
2023-08-05T10:07:45.475Z,36.1102,70.3189,137.858,4.1,mb,25,79,1.881,0.71,us,us6000ky35,2023-10-07T21:38:59.040Z,"65 km SE of Farkhār, Afghanistan",earthquake,4.91,10.135,0.198,7,reviewed,us,us
2023-08-05T04:53:52.852Z,36.5243,69.8597,46.677,4.7,mb,69,45,2.088,0.8,us,us6000ky1a,2023-10-07T21:38:58.040Z,"5 km S of Farkhār, Afghanistan",earthquake,3.25,5.932,0.06,85,reviewed,us,us
2023-08-05T03:06:04.876Z,34.8611,72.8455,45.949,5,mb,72,37,1.257,0.75,us,us6000ky0p,2023-10-07T21:38:58.040Z,"23 km NNW of Shingli Bala, Pakistan",earthquake,6.6,6.065,0.045,160,reviewed,us,us
2023-08-04T20:58:36.806Z,36.7125,71.0798,243.301,4.1,mb,52,69,2.544,0.38,us,us6000kxyp,2023-10-07T21:38:58.040Z,"Afghanistan-Tajikistan-Pakistan region",earthquake,7.37,7.539,0.082,41,reviewed,us,us
2023-08-04T17:50:48.335Z,36.3873,69.1298,44.653,4.2,mb,34,102,1.844,0.69,us,us6000kxxb,2023-10-07T21:38:58.040Z,"32 km S of Khanabad, Afghanistan",earthquake,6.41,3.773,0.115,25,reviewed,us,us
2023-08-02T09:58:06.278Z,36.571,70.2002,213.933,4,mb,31,94,2.235,0.25,us,us6000kx9v,2023-10-07T21:38:56.040Z,"30 km E of Farkhār, Afghanistan",earthquake,5.51,9.732,0.15,12,reviewed,us,us
2023-08-02T04:54:16.859Z,37.0751,69.3548,10,4.3,mb,36,100,1.604,0.84,us,us6000kx8u,2023-10-07T21:38:56.040Z,"11 km W of Ārt Khwājah, Afghanistan",earthquake,6.28,1.901,0.137,15,reviewed,us,us
2023-08-01T02:05:46.595Z,37.3828,71.7394,131.976,4.1,mb,29,118,2.092,0.67,us,us6000kzal,2023-10-07T21:39:00.040Z,"20 km SE of Khorugh, Tajikistan",earthquake,6.57,9.643,0.213,6,reviewed,us,us
2023-07-28T12:39:49.057Z,36.5663,71.2614,222.873,4,mb,54,72,2.712,0.61,us,us6000kw7a,2023-09-30T21:36:32.040Z,"27 km WSW of Ashkāsham, Afghanistan",earthquake,7.06,6.965,0.093,31,reviewed,us,us
2023-07-25T18:43:17.246Z,37.263,71.8832,154.502,4.2,mb,29,105,2.212,0.55,us,us6000kvi9,2023-09-30T21:36:31.040Z,"38 km SE of Khorugh, Tajikistan",earthquake,7.01,9.863,0.159,11,reviewed,us,us
2023-07-23T03:16:17.304Z,36.593,70.9815,181.244,4.4,mb,64,38,2.586,1.3,us,us7000khqq,2023-09-30T21:36:38.040Z,"32 km SSE of Jurm, Afghanistan",earthquake,7.35,6.234,0.063,73,reviewed,us,us
2023-07-23T00:56:39.378Z,37.5602,71.6591,124.218,4.1,mb,30,119,1.918,0.46,us,us7000khqc,2023-09-30T21:36:38.040Z,"Afghanistan-Tajikistan border region",earthquake,6.95,9.612,0.165,10,reviewed,us,us
2023-07-19T07:26:40.770Z,36.5193,70.0961,215.106,5.1,mww,123,22,2.153,0.92,us,us7000kgsp,2023-09-28T21:33:47.040Z,"22 km ESE of Farkhār, Afghanistan",earthquake,6.77,4.283,0.061,26,reviewed,us,us
2023-07-14T19:19:32.212Z,36.722,71.3745,148.631,4.2,mb,52,69,2.771,0.61,us,us7000kft5,2023-09-16T19:16:15.040Z,"14 km WNW of Ashkāsham, Afghanistan",earthquake,3.35,9.028,0.1,29,reviewed,us,us
2023-07-13T20:49:11.810Z,36.5387,71.2765,229.843,4.5,mb,103,32,2.7,1.17,us,us7000kfk0,2023-09-16T19:16:14.040Z,"28 km SW of Ashkāsham, Afghanistan",earthquake,7.12,4.985,0.052,108,reviewed,us,us
2023-07-09T18:40:06.068Z,36.448,70.8281,136.454,4,mb,26,83,2.396,0.46,us,us6000kr67,2023-09-16T19:16:06.040Z,"46 km S of Jurm, Afghanistan",earthquake,7.04,12.607,0.212,6,reviewed,us,us
2023-07-07T19:32:09.468Z,36.5101,71.1318,97.515,4,mb,21,73,2.601,0.96,us,us6000kqud,2023-09-09T21:54:56.040Z,"40 km WSW of Ashkāsham, Afghanistan",earthquake,6.43,6.819,0.173,10,reviewed,us,us
2023-07-07T17:10:52.842Z,37.36,73.1048,55.299,4.4,mb,111,51,2.35,0.57,us,us6000kqt7,2023-09-09T21:54:56.040Z,"83 km ENE of Khandūd, Afghanistan",earthquake,6.25,6.409,0.058,92,reviewed,us,us
2023-07-06T01:10:06.902Z,36.8038,71.3091,179.591,4,mb,29,111,2.599,0.57,us,us6000kqcd,2023-09-09T21:54:50.040Z,"Afghanistan-Tajikistan-Pakistan region",earthquake,8.18,12.403,0.211,6,reviewed,us,us
2023-07-05T13:42:48.669Z,36.1005,68.8223,44.297,4.4,mb,30,114,1.567,0.84,us,us6000kq7l,2023-09-09T21:54:48.040Z,"10 km ESE of Baghlān, Afghanistan",earthquake,8.04,9.089,0.13,17,reviewed,us,us
2023-07-04T09:30:52.269Z,36.351,70.6083,135.617,4.3,mb,47,82,2.212,0.63,us,us6000kq0c,2023-09-09T21:54:45.040Z,"Hindu Kush region, Afghanistan",earthquake,5.99,4.233,0.094,32,reviewed,us,us
2023-07-03T09:14:30.324Z,36.5057,70.9395,191.366,4.2,mb,58,73,2.497,1.04,us,us6000kpt1,2023-09-09T21:54:40.040Z,"40 km SSE of Jurm, Afghanistan",earthquake,6.95,6.231,0.103,26,reviewed,us,us
2023-07-01T12:57:11.673Z,36.4332,70.3799,212.628,4.2,mb,23,80,2.181,0.69,us,us6000kpfy,2023-09-08T14:18:32.040Z,"49 km ESE of Farkhār, Afghanistan",earthquake,7.47,8.723,0.199,7,reviewed,us,us
2023-06-30T10:50:40.797Z,38.6833,73.4183,94.183,4.1,mb,31,207,1.489,0.66,us,us6000kp1z,2023-09-08T14:18:29.040Z,"74 km NW of Murghob, Tajikistan",earthquake,10.08,9.774,0.115,21,reviewed,us,us
2023-06-29T20:26:40.364Z,38.4033,73.8728,138.127,4.2,mb,27,71,1.94,1.05,us,us6000knyy,2023-09-08T14:18:28.040Z,"27 km NNW of Murghob, Tajikistan",earthquake,7.31,10.784,0.236,5,reviewed,us,us
2023-06-29T04:57:58.964Z,37.2073,71.798,129.867,5,mww,87,59,2.267,0.56,us,us6000kntb,2023-09-08T14:18:27.040Z,"38 km SE of Khorugh, Tajikistan",earthquake,6.46,5.408,0.073,18,reviewed,us,us
2023-06-29T01:04:16.337Z,37.4017,73.1129,65.627,4.5,mb,69,51,2.315,0.56,us,us6000knsh,2023-09-08T14:18:26.040Z,"86 km NE of Khandūd, Afghanistan",earthquake,6.97,6.891,0.081,44,reviewed,us,us
2023-06-27T05:15:53.912Z,36.4892,71.2895,127.013,4.5,mb,68,70,2.672,0.75,us,us6000knce,2023-09-08T14:18:23.040Z,"30 km SW of Ashkāsham, Afghanistan",earthquake,6.53,7.12,0.075,52,reviewed,us,us
2023-06-26T21:30:10.533Z,37.3011,71.8746,140.638,4.1,mb,41,58,2.174,0.55,us,us6000knb1,2023-09-08T14:18:22.040Z,"35 km SE of Khorugh, Tajikistan",earthquake,6.55,6.05,0.145,13,reviewed,us,us
2023-06-26T06:46:54.293Z,36.5042,71.0511,189.869,4.1,mb,55,73,2.553,0.58,us,us7000kb3d,2023-09-08T14:18:41.040Z,"44 km SSE of Jurm, Afghanistan",earthquake,7.06,6.448,0.093,32,reviewed,us,us
2023-06-25T21:25:14.667Z,37.5042,72.2129,195.83,3.9,mb,22,125,1.997,0.61,us,us7000kb1b,2023-09-08T14:18:40.040Z,"58 km E of Khorugh, Tajikistan",earthquake,8.41,10.605,0.258,4,reviewed,us,us
2023-06-25T15:49:58.299Z,34.449,69.5154,14.775,4.5,mb,32,95,0.401,1.39,us,us7000kb05,2023-09-08T14:18:40.040Z,"32 km ESE of Kabul, Afghanistan",earthquake,6.36,5.421,0.09,36,reviewed,us,us
2023-06-21T01:55:05.448Z,36.5132,70.8908,193.375,4.2,mb,48,72,2.479,0.9,us,us7000ka09,2023-08-26T20:54:25.040Z,"39 km S of Jurm, Afghanistan",earthquake,4.5,7.919,0.11,23,reviewed,us,us
2023-06-19T04:19:01.017Z,38.1487,73.5863,168.224,4.1,mb,37,84,1.926,0.8,us,us7000k9i7,2023-08-26T20:54:23.040Z,"33 km W of Murghob, Tajikistan",earthquake,6.91,8.264,0.135,15,reviewed,us,us
2023-06-18T22:17:34.033Z,37.5576,72.2479,187.438,3.9,mb,27,69,1.949,0.33,us,us7000k9g3,2023-08-26T20:54:22.040Z,"61 km E of Khorugh, Tajikistan",earthquake,5.69,9.926,0.181,8,reviewed,us,us
2023-06-18T16:34:49.119Z,29.8241,68.4073,10,4.2,mb,33,170,4.734,0.68,us,us7000k9e3,2023-08-26T20:54:22.040Z,"39 km SSW of Duki, Pakistan",earthquake,9.36,1.941,0.136,15,reviewed,us,us
2023-06-17T02:46:09.492Z,38.0364,72.6028,121.87,4.3,mb,24,136,1.57,0.65,us,us7000k95c,2023-08-21T04:19:16.040Z,"110 km ENE of Khorugh, Tajikistan",earthquake,6.25,8.918,0.218,6,reviewed,us,us
2023-06-16T23:02:33.968Z,38.5352,67.8378,10,4.3,mb,40,102,0.925,0.49,us,us7000k93k,2023-08-21T04:19:15.040Z,"30 km N of Denov, Uzbekistan",earthquake,3.14,1.917,0.154,12,reviewed,us,us
2023-06-14T14:27:44.124Z,37.5969,72.3681,192.286,4.1,mb,38,115,1.93,0.62,us,us7000k8e3,2023-08-21T04:18:54.040Z,"71 km N of Khandūd, Afghanistan",earthquake,3.4,9.23,0.185,8,reviewed,us,us
2023-06-11T07:03:59.192Z,37.0794,71.1199,125.105,4.2,mb,23,75,2.297,0.45,us,us7000k8ze,2023-08-21T04:19:08.040Z,"34 km NE of Jurm, Afghanistan",earthquake,4.85,12.832,0.215,6,reviewed,us,us
2023-06-09T19:13:41.361Z,36.6115,70.9846,211.106,4,mb,55,74,2.576,0.82,us,us7000k7hj,2023-08-12T17:15:14.040Z,"31 km SSE of Jurm, Afghanistan",earthquake,5.08,8.2,0.087,38,reviewed,us,us
2023-06-09T15:08:45.324Z,36.6906,71.46,178.368,3.9,mb,31,69,2.765,0.87,us,us7000k7fk,2023-08-12T17:15:13.040Z,"6 km W of Ashkāsham, Afghanistan",earthquake,7.93,8.929,0.21,6,reviewed,us,us
2023-06-09T08:00:39.989Z,37.9334,73.3511,10,4.1,mb,24,123,1.962,0.93,us,us7000k7b8,2023-08-12T17:15:11.040Z,"60 km WSW of Murghob, Tajikistan",earthquake,7,1.963,0.198,7,reviewed,us,us
2023-06-09T04:43:54.577Z,37.9557,73.2875,10,4.2,mb,27,123,1.914,1.26,us,us7000k7aj,2023-08-12T17:15:11.040Z,"64 km WSW of Murghob, Tajikistan",earthquake,6.83,1.947,0.2,7,reviewed,us,us
2023-06-09T01:21:52.701Z,33.7716,71.0951,55.677,4.4,mb,34,136,1.816,0.82,us,us7000k79v,2023-08-12T17:15:11.040Z,"26 km N of Hangu, Pakistan",earthquake,5.92,9.096,0.11,24,reviewed,us,us
2023-06-06T21:54:18.883Z,38.0228,73.2367,23.282,4.5,mb,75,49,1.837,0.73,us,us7000k6qr,2023-08-12T17:15:05.040Z,"Tajikistan-Xinjiang border region",earthquake,6.85,2.86,0.069,62,reviewed,us,us
2023-06-05T09:37:16.760Z,37.6502,72.0979,10,4.2,mb,29,118,1.84,1.37,us,us7000k6de,2023-08-12T17:15:03.040Z,"51 km ENE of Khorugh, Tajikistan",earthquake,7.14,1.923,0.167,10,reviewed,us,us
2023-06-03T07:53:08.963Z,35.7826,69.4477,106.6,4,mb,17,147,1.283,0.55,us,us7000k7dk,2023-08-05T22:08:02.040Z,"42 km SE of Nahrīn, Afghanistan",earthquake,8.88,7.354,0.212,6,reviewed,us,us
2023-06-03T07:48:45.208Z,36.7948,61.6165,10.12,4.5,mb,80,153,3.009,0.61,us,us7000k61n,2023-08-05T22:07:52.040Z,"49 km NE of Sarakhs, Iran",earthquake,7.16,3.508,0.072,56,reviewed,us,us
2023-06-01T18:12:18.019Z,36.5071,70.6056,200.839,4.4,mb,61,89,2.494,0.84,us,us7000k5jv,2023-08-05T22:07:45.040Z,"",earthquake,7.06,4.957,0.088,37,reviewed,us,us
2023-06-01T00:44:35.979Z,36.5187,71.3559,85.558,4.1,mb,42,77,2.835,0.73,us,us7000k5ed,2023-08-05T22:07:43.040Z,"",earthquake,8.42,8.583,0.107,24,reviewed,us,us
2023-05-31T03:26:56.763Z,36.2923,69.7219,186.536,4.3,mb,25,152,3.58,0.54,us,us7000k55d,2023-08-05T22:07:41.040Z,"",earthquake,5.96,10.974,0.147,13,reviewed,us,us
2023-05-30T17:45:41.555Z,38.5796,73.1842,9.861,4.5,mb,124,65,2.749,0.75,us,us7000k520,2023-08-05T22:07:40.040Z,"82 km WNW of Murghob, Tajikistan",earthquake,4.77,3.905,0.054,106,reviewed,us,us
2023-05-28T21:32:26.855Z,36.1767,71.1854,101.206,4,mb,29,82,2.394,0.65,us,us7000k4p9,2023-08-05T22:07:37.040Z,"64 km SSW of Ashkāsham, Afghanistan",earthquake,5.36,9.219,0.173,9,reviewed,us,us
2023-05-28T12:56:53.671Z,34.4416,70.4644,55.324,4.7,mb,53,145,1.178,0.53,us,us7000k4m8,2023-08-05T22:07:37.040Z,"2 km NE of Jalālābād, Afghanistan",earthquake,6.97,7.821,0.076,53,reviewed,us,us
2023-05-28T05:49:56.585Z,36.6064,71.0508,230.416,5.3,mww,130,45,2.613,0.67,us,us7000k4kr,2023-08-05T22:07:36.040Z,"34 km SE of Jurm, Afghanistan",earthquake,6.98,5.628,0.057,30,reviewed,us,us
2023-05-27T19:24:53.382Z,36.8547,71.3831,182.814,4.2,mb,54,59,2.605,0.57,us,us7000k4i4,2023-07-29T22:00:44.040Z,"23 km NW of Ashkāsham, Afghanistan",earthquake,7.14,7.563,0.098,29,reviewed,us,us
2023-05-27T17:24:15.054Z,38.249,73.0079,127.662,4.2,mb,41,57,1.548,0.96,us,us7000k4hv,2023-07-29T22:00:44.040Z,"84 km W of Murghob, Tajikistan",earthquake,6.54,7.911,0.115,23,reviewed,us,us
2023-05-26T02:34:46.297Z,37.8644,73.3477,13.887,4.3,mb,30,156,2.016,1.15,us,us7000k453,2023-07-29T22:00:39.040Z,"Afghanistan-Tajikistan border region",earthquake,6.43,5.258,0.138,15,reviewed,us,us
2023-05-24T03:18:06.626Z,36.3715,71.1661,141.49,4,mb,32,91,2.518,0.58,us,us7000k3e7,2023-07-29T22:00:33.040Z,"47 km SW of Ashkāsham, Afghanistan",earthquake,8.69,10.889,0.164,10,reviewed,us,us
2023-05-23T03:45:38.528Z,36.5082,71.2008,102.101,4.2,mb,21,100,2.636,0.93,us,us7000k35m,2023-07-29T22:00:30.040Z,"35 km WSW of Ashkāsham, Afghanistan",earthquake,7.55,8.763,0.186,8,reviewed,us,us
2023-05-22T05:43:27.382Z,36.37,71.173,106.164,4.9,mww,134,57,2.521,0.48,us,us6000kdtp,2023-07-29T22:00:27.040Z,"47 km SW of Ashkāsham, Afghanistan",earthquake,6.94,6.403,0.093,11,reviewed,us,us
2023-05-21T21:45:43.212Z,35.8576,60.5366,10,4.4,mb,57,145,2.835,0.72,us,us6000kdrl,2023-07-29T22:00:26.040Z,"68 km N of Torbat-e Jām, Iran",earthquake,8.26,1.866,0.105,26,reviewed,us,us
2023-05-18T14:07:55.592Z,37.3714,71.9962,137.508,4.2,mb,40,96,2.109,0.41,us,us6000kctj,2023-07-24T01:16:14.040Z,"41 km ESE of Khorugh, Tajikistan",earthquake,7.29,7.682,0.103,26,reviewed,us,us
2023-05-16T11:07:49.061Z,37.6959,71.5966,35,4.4,mb,75,53,1.786,0.94,us,us6000kc99,2023-07-24T01:16:36.040Z,"23 km N of Khorugh, Tajikistan",earthquake,6.48,1.911,0.072,56,reviewed,us,us
2023-05-15T21:44:37.566Z,38.3595,72.915,113.483,4.2,mb,40,118,1.416,0.64,us,us6000kc5m,2023-07-24T01:16:43.040Z,"94 km WNW of Murghob, Tajikistan",earthquake,6.26,7.96,0.121,19,reviewed,us,us
2023-05-15T08:49:09.807Z,37.5346,72.2349,188.529,4.1,mb,20,113,1.97,0.36,us,us6000kbzx,2023-07-24T01:16:48.040Z,"60 km E of Khorugh, Tajikistan",earthquake,6.6,10.668,0.262,4,reviewed,us,us
2023-05-14T01:25:39.571Z,38.3095,69.4702,16.824,4.2,mb,28,150,0.503,0.71,us,us6000kbre,2023-07-24T01:17:07.040Z,"",earthquake,5.25,4.976,0.199,7,reviewed,us,us
2023-05-13T13:25:42.337Z,37.9259,71.716,10,4.5,mb,27,64,1.551,0.82,us,us6000kbpa,2023-07-22T19:17:17.040Z,"50 km NNE of Khorugh, Tajikistan",earthquake,6.54,1.891,0.11,24,reviewed,us,us
2023-05-11T21:38:57.019Z,36.4788,71.0141,125.965,4,mb,36,127,2.515,0.41,us,us6000kb8k,2023-07-22T19:16:53.040Z,"45 km SSE of Jurm, Afghanistan",earthquake,8.56,6.921,0.129,16,reviewed,us,us
2023-05-11T00:21:01.719Z,36.5765,69.7255,163.012,4.1,mb,37,78,2.106,0.42,us,us6000kb08,2023-07-22T19:16:42.040Z,"11 km W of Farkhār, Afghanistan",earthquake,7.11,9.476,0.096,30,reviewed,us,us
2023-05-10T18:22:46.157Z,36.099,70.9317,104.453,4,mb,40,61,2.191,0.76,us,us6000kay7,2023-07-22T19:16:39.040Z,"Hindu Kush region, Afghanistan",earthquake,5.31,7.755,0.119,19,reviewed,us,us
2023-05-09T22:41:52.472Z,38.116,73.0302,11.278,4.2,mb,31,107,1.665,0.94,us,us6000kaqz,2023-07-22T19:16:33.040Z,"82 km W of Murghob, Tajikistan",earthquake,4.81,5.746,0.132,16,reviewed,us,us
2023-05-09T01:47:41.728Z,37.6162,72.3351,176.509,4.2,mb,53,114,1.905,0.4,us,us6000kaie,2023-07-22T19:16:27.040Z,"Tajikistan",earthquake,7.67,8.424,0.112,22,reviewed,us,us
2023-05-08T22:02:18.977Z,36.973,71.3134,110.872,4.2,mb,38,99,2.483,0.55,us,us6000kahm,2023-07-22T19:16:26.040Z,"37 km NNW of Ashkāsham, Afghanistan",earthquake,4.59,8.929,0.121,19,reviewed,us,us
2023-05-08T08:58:12.854Z,33.9253,75.0264,10,3.8,mb,16,141,1.489,0.71,us,us6000kace,2023-07-22T19:16:14.040Z,"1 km ENE of Awantipur, India",earthquake,7.13,1.969,0.228,5,reviewed,us,us
2023-05-03T10:33:46.053Z,38.3274,72.8969,62.131,4,mb,19,129,1.433,0.79,us,us7000jxqq,2023-07-15T22:11:05.040Z,"95 km W of Murghob, Tajikistan",earthquake,7.64,11.739,0.196,7,reviewed,us,us
2023-05-03T09:51:20.143Z,36.4988,70.7311,194.44,5.3,mww,198,28,2.39,0.59,us,us7000jxqb,2023-07-15T22:11:05.040Z,"41 km SSW of Jurm, Afghanistan",earthquake,6.84,6.303,0.068,21,reviewed,us,us
2023-05-03T06:20:51.075Z,36.5761,71.2122,118.428,4.3,mb,38,94,2.693,1.14,us,us7000jxpi,2023-07-15T22:11:03.040Z,"31 km WSW of Ashkāsham, Afghanistan",earthquake,7.27,8.517,0.129,17,reviewed,us,us
2023-05-03T03:53:52.369Z,36.6457,71.0545,225.152,4.3,mb,62,70,2.583,0.93,us,us7000jxnp,2023-07-15T22:11:00.040Z,"31 km SE of Jurm, Afghanistan",earthquake,7.83,6.328,0.109,24,reviewed,us,us
2023-05-03T01:32:27.389Z,38.5168,73.3204,99.581,4.3,mb,31,93,1.525,0.43,us,us7000jxml,2023-07-15T22:10:58.040Z,"68 km NW of Murghob, Tajikistan",earthquake,6.16,8.649,0.126,18,reviewed,us,us
2023-05-02T10:31:53.779Z,37.0048,71.2826,71.425,4.6,mb,86,63,2.443,0.51,us,us7000jxh6,2023-07-15T22:10:52.040Z,"42 km NNW of Ashkāsham, Afghanistan",earthquake,6.82,7.197,0.068,64,reviewed,us,us
2023-04-30T00:40:46.997Z,36.7193,71.1848,245.884,4,mb,41,81,2.594,0.47,us,us7000jx2q,2023-07-15T22:10:31.040Z,"31 km W of Ashkāsham, Afghanistan",earthquake,6.4,9.459,0.134,15,reviewed,us,us
2023-04-29T23:45:29.213Z,34.9011,73.9963,10,4.3,mb,49,85,1.385,0.47,us,us7000jx2h,2023-07-11T01:44:55.040Z,"76 km NE of Muzaffarābād, Pakistan",earthquake,3.97,1.892,0.129,17,reviewed,us,us
2023-04-24T00:21:44.971Z,36.47,70.9101,119.175,4,mb,32,84,2.455,0.83,us,us6000k6me,2023-07-11T01:45:36.040Z,"44 km S of Jurm, Afghanistan",earthquake,6.11,11.696,0.173,9,reviewed,us,us
2023-04-23T18:10:42.773Z,37.4639,70.0889,9.759,4.4,mb,49,119,1.466,0.81,us,us6000k6ky,2023-07-11T01:44:39.040Z,"37 km ESE of Chubek, Tajikistan",earthquake,7.63,4.908,0.105,26,reviewed,us,us
2023-04-23T16:27:48.460Z,30.3208,70.9766,10,4.8,mb,40,87,3.849,0.43,us,us6000k6kk,2023-07-11T01:44:40.040Z,"16 km S of Kot Addu, Pakistan",earthquake,10.49,1.906,0.088,40,reviewed,us,us
2023-04-19T11:29:15.570Z,38.0778,73.2671,10.789,4.1,mb,17,149,1.808,0.71,us,us7000jw28,2023-07-03T02:47:09.040Z,"",earthquake,3.92,5.843,0.262,4,reviewed,us,us
2023-04-16T22:46:45.396Z,38.2479,73.106,48.709,4.1,mb,28,64,1.596,0.42,us,us6000k4xy,2023-07-03T02:47:38.040Z,"75 km W of Murghob, Tajikistan",earthquake,7.08,7.508,0.126,17,reviewed,us,us
2023-04-14T14:50:32.277Z,36.6448,70.993,228.341,4,mb,44,70,2.554,0.42,us,us6000k4hf,2023-06-17T21:36:54.040Z,"28 km SSE of Jurm, Afghanistan",earthquake,6.82,3.54,0.122,18,reviewed,us,us
2023-04-12T06:54:33.671Z,36.7068,71.081,223.174,4.3,mb,47,69,2.549,0.82,us,us6000k3rd,2023-06-17T21:36:48.040Z,"Afghanistan-Tajikistan-Pakistan region",earthquake,5.52,6.636,0.116,21,reviewed,us,us
2023-04-12T04:40:49.522Z,34.3015,73.6471,10,4.2,mb,30,85,0.721,0.9,us,us6000k3q6,2023-06-17T21:36:47.040Z,"17 km ESE of Muzaffarābād, Pakistan",earthquake,6.96,1.48,0.146,13,reviewed,us,us
2023-04-12T03:37:36.670Z,36.5066,70.6973,195.302,4.1,mb,21,88,2.381,0.31,us,us6000k3py,2023-06-17T21:36:47.040Z,"41 km SSW of Jurm, Afghanistan",earthquake,9.07,13.394,0.214,6,reviewed,us,us
2023-04-11T04:52:34.595Z,36.2421,69.3989,38.828,4.5,mb,50,61,1.722,0.61,us,us6000k3f6,2023-06-17T21:36:45.040Z,"30 km NE of Nahrīn, Afghanistan",earthquake,5.82,4.553,0.067,65,reviewed,us,us
2023-04-11T03:37:15.356Z,36.5582,70.9436,204.637,4.5,mb,72,72,2.54,0.63,us,us6000k3ez,2023-06-17T21:36:45.040Z,"Hindu Kush region, Afghanistan",earthquake,3.99,6.226,0.053,102,reviewed,us,us
2023-04-10T02:53:01.911Z,36.6746,71.074,210.354,4.1,mb,24,110,2.571,0.48,us,us6000k37j,2023-06-17T21:36:42.040Z,"30 km SE of Jurm, Afghanistan",earthquake,5.36,10.288,0.165,10,reviewed,us,us
2023-04-09T07:14:18.152Z,36.5602,70.8734,178.234,4.1,mb,48,84,2.507,0.52,us,us6000k2z2,2023-06-17T21:36:39.040Z,"",earthquake,7.23,8.99,0.089,35,reviewed,us,us
2023-04-08T09:07:36.558Z,34.6449,70.5873,50.284,4.4,mb,49,95,1.278,0.55,us,us6000k2un,2023-06-13T03:12:25.040Z,"Hindu Kush region, Afghanistan",earthquake,7.17,7.692,0.082,46,reviewed,us,us
2023-04-04T15:59:14.153Z,38.0712,74.2213,169.316,4.6,mb,122,33,2.357,0.69,us,us6000k1yv,2023-06-13T03:13:02.040Z,"24 km ESE of Murghob, Tajikistan",earthquake,7.45,5.857,0.043,163,reviewed,us,us
2023-03-31T17:01:31.261Z,30.3652,66.7484,10,3.4,mb,9,149,4.593,0.6,us,us6000k5wm,2023-06-03T22:06:23.040Z,"29 km NW of Kot Malik Barkhurdar, Pakistan",earthquake,7.48,1.978,0.284,3,reviewed,us,us
2023-03-30T19:18:55.215Z,35.6273,70.8464,93.224,4.2,mb,50,100,1.834,0.54,us,us6000k0y6,2023-06-03T22:06:09.040Z,"23 km NNW of Pārūn, Afghanistan",earthquake,6.98,7.803,0.112,22,reviewed,us,us
2023-03-30T03:31:39.015Z,38.2314,73.0213,132.171,4.1,mb,30,74,1.568,0.43,us,us6000k0t1,2023-06-03T22:06:07.040Z,"83 km W of Murghob, Tajikistan",earthquake,5.15,8.691,0.234,5,reviewed,us,us
2023-03-29T08:09:20.347Z,36.6498,71.1131,215.123,4.1,mb,33,101,2.61,0.36,us,us6000k0id,2023-06-03T22:06:05.040Z,"34 km SE of Jurm, Afghanistan",earthquake,4.89,7.274,0.214,6,reviewed,us,us
2023-03-29T07:32:50.302Z,36.5285,70.8946,205.288,4.1,mb,18,107,2.493,0.59,us,us6000k0i5,2023-06-03T22:06:04.040Z,"Hindu Kush region, Afghanistan",earthquake,8.76,15.901,0.371,2,reviewed,us,us
2023-03-29T02:15:54.347Z,36.7237,71.2869,179.668,4.1,mb,31,75,2.645,0.44,us,us6000k0gv,2023-06-03T22:06:04.040Z,"",earthquake,6.05,10.557,0.197,7,reviewed,us,us
2023-03-29T00:34:59.215Z,36.5043,70.2756,199.223,4,mb,9,112,2.202,0.57,us,us6000k0gg,2023-06-03T22:06:04.040Z,"38 km ESE of Farkhār, Afghanistan",earthquake,8.27,18.022,0.26,4,reviewed,us,us
2023-03-29T00:19:14.154Z,34.5884,70.6034,53.083,4.4,mb,70,78,1.288,0.97,us,us6000k0gc,2023-06-03T22:06:04.040Z,"22 km NE of Jalālābād, Afghanistan",earthquake,6.33,7.028,0.07,59,reviewed,us,us
2023-03-27T00:16:10.414Z,37.3172,71.6499,138.867,3.8,mb,20,114,2.16,0.59,us,us7000jmxj,2023-06-03T22:06:25.040Z,"20 km SSE of Khorugh, Tajikistan",earthquake,7.12,13.901,0.294,3,reviewed,us,us
2023-03-26T23:23:28.594Z,36.3288,70.0075,127.097,4.2,mb,50,82,1.95,0.79,us,us7000jmxe,2023-06-03T22:06:25.040Z,"Hindu Kush region, Afghanistan",earthquake,6.52,8.556,0.128,17,reviewed,us,us
2023-03-26T13:14:32.905Z,36.4008,71.1798,120.22,4.4,mb,40,76,2.547,0.66,us,us7000jmuz,2023-06-03T22:06:25.040Z,"",earthquake,4.37,7.629,0.114,22,reviewed,us,us
2023-03-25T20:49:05.281Z,28.278,67.2063,10,3.9,mb,17,166,6.438,1.18,us,us6000k0n6,2023-05-26T21:54:03.040Z,"75 km WNW of Chowki Jamali, Pakistan",earthquake,7.47,1.989,0.162,10,reviewed,us,us
2023-03-23T07:18:18.139Z,36.3466,71.2181,83.664,4.4,mb,31,72,2.53,0.55,us,us7000jm4q,2023-05-26T21:54:14.040Z,"46 km SW of Ashkāsham, Afghanistan",earthquake,2.8,8.076,0.144,14,reviewed,us,us
2023-03-21T16:47:23.626Z,36.523,70.943,192,6.5,mww,164,12,2.512,0.94,us,us7000jln7,2023-05-26T21:54:10.040Z,"40 km SSE of Jurm, Afghanistan",earthquake,6.23,1.842,0.057,30,reviewed,us,us
2023-03-21T07:25:40.183Z,36.4287,70.9198,138.988,4.2,mb,32,78,2.428,0.44,us,us7000jlld,2023-05-26T21:54:10.040Z,"48 km S of Jurm, Afghanistan",earthquake,7.77,9.191,0.186,8,reviewed,us,us
2023-03-20T14:30:21.229Z,36.1532,71.2691,129.326,4.1,mb,17,100,2.429,1.04,us,us7000jlfd,2023-05-26T21:54:08.040Z,"63 km SSW of Ashkāsham, Afghanistan",earthquake,9.82,11.588,0.233,5,reviewed,us,us
2023-03-19T17:07:30.691Z,38.0083,73.2493,23.331,4.4,mb,73,90,1.854,0.71,us,us7000jlb0,2023-05-26T21:54:06.040Z,"Tajikistan-Xinjiang border region",earthquake,8.25,4.825,0.073,57,reviewed,us,us
2023-03-19T06:01:19.653Z,38.5561,73.3714,112.984,4.1,mb,42,122,1.532,0.75,us,us7000jl75,2023-05-26T21:54:05.040Z,"67 km NW of Murghob, Tajikistan",earthquake,3.15,8.349,0.111,22,reviewed,us,us
2023-03-18T00:00:54.160Z,36.5189,69.8936,163.474,4.9,mww,115,21,2.092,0.81,us,us7000jkzj,2023-05-20T23:20:35.040Z,"Hindu Kush region, Afghanistan",earthquake,5.52,5.251,0.086,13,reviewed,us,us
2023-03-17T01:59:44.634Z,38.5353,73.1948,10,4.4,mb,33,108,1.438,0.71,us,us7000jkph,2023-05-20T23:20:31.040Z,"78 km WNW of Murghob, Tajikistan",earthquake,5.08,1.901,0.13,17,reviewed,us,us
2023-03-12T18:56:47.384Z,38.1375,73.0154,10.023,4.3,mb,18,133,1.641,1.08,us,us7000jksu,2023-05-20T23:20:32.040Z,"Tajikistan-Xinjiang border region",earthquake,4.61,6.288,0.266,4,reviewed,us,us
2023-03-12T11:33:58.096Z,36.5092,70.9383,160.685,4.6,mb,89,73,2.499,0.56,us,us7000jjbk,2023-05-20T23:20:17.040Z,"40 km SSE of Jurm, Afghanistan",earthquake,6.6,6.858,0.041,178,reviewed,us,us
2023-03-12T09:32:41.721Z,38.0486,73.018,10,4.3,mb,37,65,1.716,0.81,us,us7000jjb9,2023-05-20T23:20:17.040Z,"84 km W of Murghob, Tajikistan",earthquake,4.97,1.907,0.125,18,reviewed,us,us
2023-03-11T23:41:33.217Z,36.4904,70.4125,210.153,4.1,mb,48,70,2.243,0.45,us,us7000jj8h,2023-05-15T02:49:06.040Z,"50 km E of Farkh?r, Afghanistan",earthquake,8.01,4.376,0.117,20,reviewed,us,us
2023-03-11T18:24:49.232Z,37.1822,69.7616,14.621,4.7,mb,146,64,1.59,0.68,us,us7000jj5x,2023-05-15T02:49:09.040Z,"8 km NW of Rust?q, Afghanistan",earthquake,6.64,4.065,0.044,164,reviewed,us,us
2023-03-10T10:04:22.284Z,36.2146,70.4377,100.94,4.2,mb,42,77,2.022,0.47,us,us7000jis8,2023-05-15T02:49:29.040Z,"65 km SE of Farkh?r, Afghanistan",earthquake,6.03,6.298,0.125,18,reviewed,us,us
2023-03-10T01:16:14.845Z,36.5038,70.4159,201.292,4.1,mb,39,81,2.256,0.56,us,us7000jip6,2023-05-15T02:49:36.040Z,"50 km E of Farkh?r, Afghanistan",earthquake,8.4,8.297,0.145,13,reviewed,us,us
2023-03-09T17:31:40.878Z,37.1949,71.796,156.752,4.1,mb,52,64,2.279,1.04,us,us7000jik4,2023-05-15T02:49:43.040Z,"39 km SSE of Khorugh, Tajikistan",earthquake,6.74,7.35,0.098,28,reviewed,us,us
2023-03-09T01:36:40.193Z,38.4571,73.4747,119.558,4.4,mb,70,55,1.656,0.5,us,us7000jicf,2023-05-15T02:49:56.040Z,"53 km NW of Murghob, Tajikistan",earthquake,5.9,4.789,0.098,30,reviewed,us,us
2023-03-09T00:38:54.081Z,38.0169,73.0576,10,4.5,mb,98,55,1.759,0.65,us,us7000jibw,2023-05-15T02:49:57.040Z,"81 km WSW of Murghob, Tajikistan",earthquake,6.63,1.861,0.061,78,reviewed,us,us
2023-03-08T10:42:54.732Z,37.3831,71.8399,130.641,4.2,mb,39,81,2.091,0.49,us,us7000ji4i,2023-05-15T02:50:05.040Z,"28 km ESE of Khorugh, Tajikistan",earthquake,4.48,9.141,0.117,20,reviewed,us,us
2023-03-08T03:38:22.382Z,38.2311,73.0709,10,4.4,mb,20,92,1.592,0.75,us,us7000ji1z,2023-05-15T02:50:10.040Z,"78 km W of Murghob, Tajikistan",earthquake,4.44,1.9,0.269,6,reviewed,us,us
2023-03-07T23:57:31.884Z,38.035,73.2756,10,4.1,mwr,67,61,1.846,0.8,us,us7000ji0x,2023-05-15T02:50:12.040Z,"62 km WSW of Murghob, Tajikistan",earthquake,6.68,1.893,0.062,25,reviewed,us,us
2023-03-07T14:37:11.491Z,37.164,71.8957,152.986,4,mb,44,105,2.311,0.54,us,us7000jhwh,2023-05-15T02:50:16.040Z,"44 km WNW of Khand?d, Afghanistan",earthquake,6.97,6.926,0.144,13,reviewed,us,us
2023-03-06T04:46:37.615Z,38.5557,73.8195,112.151,4,mb,25,127,1.823,0.78,us,us7000jhkc,2023-05-15T02:50:31.040Z,"44 km NNW of Murghob, Tajikistan",earthquake,7.25,10.016,0.195,7,reviewed,us,us
2023-03-05T22:10:44.603Z,38.2949,73.183,10,4.3,mb,26,79,1.6,0.65,us,us7000jhin,2023-05-15T02:50:34.040Z,"70 km W of Murghob, Tajikistan",earthquake,4.68,1.829,0.138,15,reviewed,us,us
2023-03-05T01:26:27.302Z,36.7649,71.3667,179.856,4.2,mb,48,68,2.659,0.72,us,us7000jheb,2023-05-15T02:50:41.040Z,"17 km WNW of Ashk?sham, Afghanistan",earthquake,3.93,8.528,0.124,18,reviewed,us,us
2023-03-05T00:40:36.007Z,38.0909,73.2536,61.198,4.2,mb,44,65,1.791,0.57,us,us7000jhe4,2023-05-15T02:50:42.040Z,"63 km W of Murghob, Tajikistan",earthquake,5.68,7.053,0.118,20,reviewed,us,us
2023-03-01T21:05:51.279Z,38.0296,73.0064,10,4.2,mb,41,65,1.727,1.07,us,us7000jgn6,2023-05-08T02:00:12.040Z,"85 km W of Murghob, Tajikistan",earthquake,4.15,1.878,0.108,24,reviewed,us,us
2023-03-01T01:26:39.071Z,36.4588,70.8632,183.185,4.3,mb,51,93,2.422,0.6,us,us7000jge4,2023-05-08T02:00:02.040Z,"45 km S of Jurm, Afghanistan",earthquake,8.43,7.179,0.111,23,reviewed,us,us
2023-02-28T18:17:05.853Z,36.4747,70.7789,202.552,4.1,mb,28,74,2.393,0.47,us,us7000jgbd,2023-05-08T01:59:58.040Z,"43 km S of Jurm, Afghanistan",earthquake,3.53,8.852,0.145,13,reviewed,us,us
2023-02-28T04:20:59.239Z,38.0772,73.2404,10,5,mb,62,89,1.795,0.59,us,us7000jg5z,2023-05-08T01:59:50.040Z,"Tajikistan-Xinjiang border region",earthquake,6.89,1.864,0.053,113,reviewed,us,us
2023-02-28T01:36:54.509Z,38.2315,73.0361,10,4.1,mb,23,177,1.575,0.73,us,us7000jg5b,2023-05-08T01:59:48.040Z,"81 km W of Murghob, Tajikistan",earthquake,5.41,1.947,0.174,9,reviewed,us,us
2023-02-28T00:01:54.072Z,37.9433,73.042,10,4.4,mb,55,47,1.814,0.93,us,us7000jg4s,2023-05-08T01:59:48.040Z,"84 km WSW of Murghob, Tajikistan",earthquake,6.59,1.902,0.101,28,reviewed,us,us
2023-02-27T22:35:23.020Z,36.3774,70.6141,180.148,4.1,mb,35,77,2.237,0.57,us,us7000jg4h,2023-05-08T01:59:47.040Z,"",earthquake,7.75,8.57,0.112,22,reviewed,us,us
2023-02-27T03:01:26.633Z,38.0706,73.0467,11.263,4.3,mb,39,120,1.71,0.81,us,us6000jru1,2023-05-08T01:59:39.040Z,"81 km W of Murghob, Tajikistan",earthquake,7.01,5.428,0.129,17,reviewed,us,us
2023-02-26T09:59:16.507Z,36.1711,70.7199,115.224,4.3,mb,43,80,2.127,0.52,us,us6000jrph,2023-05-08T01:59:31.040Z,"77 km S of Jurm, Afghanistan",earthquake,6.8,6.468,0.122,19,reviewed,us,us
2023-02-25T20:44:50.528Z,38.2447,73.085,10,4.3,mb,28,96,1.588,1.26,us,us6000jrli,2023-04-29T21:57:39.040Z,"77 km W of Murghob, Tajikistan",earthquake,8.69,1.938,0.137,15,reviewed,us,us
2023-02-24T20:32:37.547Z,38.2836,73.1652,11.953,4.3,mb,38,65,2.543,1.12,us,us6000jrek,2023-04-29T21:57:35.040Z,"71 km W of Murghob, Tajikistan",earthquake,5.81,5.147,0.133,20,reviewed,us,us
2023-02-24T10:45:23.412Z,38.1086,73.1907,10,4.2,mb,31,121,3.219,0.38,us,us6000jr9v,2023-04-29T21:57:33.040Z,"68 km W of Murghob, Tajikistan",earthquake,7.63,1.945,0.147,13,reviewed,us,us
2023-02-24T01:06:31.718Z,33.7601,72.7349,10,4.1,mb,26,165,0.458,0.62,us,us6000jr5s,2023-04-29T21:57:31.040Z,"",earthquake,4.79,1.859,0.14,14,reviewed,us,us
2023-02-23T11:24:28.067Z,38.3919,72.9453,10,4.7,mb,40,65,1.405,0.52,us,us6000jr07,2023-04-29T21:57:30.040Z,"92 km WNW of Murghob, Tajikistan",earthquake,2.52,1.926,0.083,44,reviewed,us,us
2023-02-23T08:01:02.537Z,38.1333,73.1456,10,4.7,mb,117,53,1.705,0.42,us,us6000jqzk,2023-04-29T21:57:29.040Z,"72 km W of Murghob, Tajikistan",earthquake,4.59,1.881,0.05,121,reviewed,us,us
2023-02-23T06:50:46.270Z,38.3267,73.0051,10,4.5,mb,35,249,1.485,0.48,us,us6000jqze,2023-04-29T21:57:29.040Z,"85 km WNW of Murghob, Tajikistan",earthquake,8,2,0.108,25,reviewed,us,us
2023-02-23T02:18:00.122Z,38.2621,73.1208,10,4.7,mb,57,66,1.593,0.58,us,us6000jqxy,2023-04-29T21:57:28.040Z,"74 km W of Murghob, Tajikistan",earthquake,7.19,1.876,0.054,103,reviewed,us,us
2023-02-23T02:07:42.566Z,37.9445,73.5144,11.959,4.6,mb,63,97,2.035,0.57,us,us6000jqxx,2023-04-29T21:57:28.040Z,"46 km WSW of Murghob, Tajikistan",earthquake,7.62,4.787,0.087,40,reviewed,us,us
2023-02-23T02:02:28.074Z,37.7803,73.3229,10,4.1,mb,26,66,2.073,0.46,us,us7000jh04,2023-04-29T21:57:28.040Z,"71 km SW of Murghob, Tajikistan",earthquake,6.94,1.92,0.262,6,reviewed,us,us
2023-02-23T01:35:53.872Z,38.0157,73.2867,10,5,mb,151,120,1.866,0.4,us,us6000jqxr,2023-04-29T21:57:28.040Z,"62 km WSW of Murghob, Tajikistan",earthquake,6.26,1.871,0.053,114,reviewed,us,us
2023-02-23T01:18:19.422Z,37.603,73.6046,11.082,4.1,mb,14,175,2.347,0.57,us,us7000jh02,2023-04-29T21:57:28.040Z,"70 km SSW of Murghob, Tajikistan",earthquake,7.75,6.543,0.37,2,reviewed,us,us
2023-02-23T01:09:39.880Z,38.2408,73.1864,10,4.2,mb,28,99,1.642,0.5,us,us7000jh00,2023-04-29T21:57:28.040Z,"68 km W of Murghob, Tajikistan",earthquake,3.63,1.927,0.216,7,reviewed,us,us
2023-02-23T01:06:03.955Z,38.0547,73.0006,10,4.4,mb,31,97,1.703,0.91,us,us6000jqxl,2023-04-29T21:57:28.040Z,"85 km W of Murghob, Tajikistan",earthquake,7.55,1.906,0.155,12,reviewed,us,us
2023-02-23T01:01:47.309Z,38.1585,73.2079,10,4.3,mb,31,153,1.716,0.48,us,us7000jh03,2023-04-29T21:57:28.040Z,"66 km W of Murghob, Tajikistan",earthquake,8.26,1.768,0.168,12,reviewed,us,us
2023-02-23T00:57:43.181Z,38.2189,73.1588,15.497,4.6,mb,45,53,1.645,0.58,us,us7000jh07,2023-04-29T21:57:28.040Z,"70 km W of Murghob, Tajikistan",earthquake,6.56,2.701,0.122,20,reviewed,us,us
2023-02-23T00:55:14.953Z,38.1349,73.0657,10,5.1,mb,106,43,1.666,0.79,us,us6000jqxg,2023-04-29T21:57:28.040Z,"79 km W of Murghob, Tajikistan",earthquake,5.7,1.792,0.066,75,reviewed,us,us
2023-02-23T00:50:38.746Z,37.9117,73.0303,11.951,4.4,mb,27,134,1.836,0.82,us,us7000jh06,2023-04-29T21:57:28.040Z,"87 km WSW of Murghob, Tajikistan",earthquake,7.44,5.648,0.241,5,reviewed,us,us
2023-02-23T00:37:38.163Z,38.0552,73.2287,9,6.9,mww,300,12,1.807,0.51,us,us6000jqxc,2023-04-29T21:57:28.040Z,"65 km WSW of Murghob, Tajikistan",earthquake,7.96,1.699,0.043,52,reviewed,us,us
2023-02-21T11:35:18.592Z,36.201,70.0083,171.083,4.1,mb,22,91,1.835,0.27,us,us6000jqiw,2023-04-29T21:57:21.040Z,"43 km SSE of Farkh?r, Afghanistan",earthquake,8.17,14.957,0.234,5,reviewed,us,us
2023-02-20T09:45:22.861Z,37.372,71.9128,138.466,4.1,mb,23,118,2.104,0.67,us,us6000jq9n,2023-04-29T21:57:16.040Z,"34 km ESE of Khorugh, Tajikistan",earthquake,7.81,10.563,0.233,5,reviewed,us,us
2023-02-19T07:21:55.890Z,36.5342,70.2087,207.364,4.1,mb,19,72,2.204,0.9,us,us6000jq2f,2023-04-29T21:57:12.040Z,"31 km E of Farkh?r, Afghanistan",earthquake,7.6,14.058,0.214,6,reviewed,us,us
2023-02-18T07:39:19.120Z,36.527,70.8332,179.846,4.2,mb,51,77,2.461,0.89,us,us6000jpvk,2023-04-22T21:33:18.040Z,"37 km S of Jurm, Afghanistan",earthquake,7.6,8.912,0.09,34,reviewed,us,us
2023-02-16T18:17:20.564Z,37.3017,70.5188,56.154,4.6,mb,132,22,1.805,0.59,us,us6000jpex,2023-04-22T21:33:14.040Z,"21 km NNW of Fayzabad, Afghanistan",earthquake,2.1,6.125,0.054,109,reviewed,us,us
2023-02-14T15:37:30.155Z,36.6928,71.02,218.501,4.2,mb,54,69,2.529,0.67,us,us6000jnxh,2023-04-22T21:33:07.040Z,"25 km SE of Jurm, Afghanistan",earthquake,8.17,6.578,0.096,30,reviewed,us,us
2023-02-13T19:28:29.078Z,38.1834,72.5706,115.36,4.5,mb,35,82,1.426,1.02,us,us6000jqkb,2023-04-22T21:33:22.040Z,"118 km NE of Khorugh, Tajikistan",earthquake,7.41,4.178,0.156,12,reviewed,us,us
2023-02-13T02:59:47.109Z,36.4994,70.3753,202.811,4,mb,16,98,2.236,0.62,us,us6000jniv,2023-04-22T21:33:04.040Z,"47 km E of Farkh?r, Afghanistan",earthquake,8.63,11.078,0.3,3,reviewed,us,us
2023-02-13T01:17:53.573Z,36.5303,71.2129,97.28,4.1,mb,23,112,2.659,0.57,us,us6000jnim,2023-04-22T21:33:04.040Z,"33 km WSW of Ashk?sham, Afghanistan",earthquake,5.5,10.513,0.173,9,reviewed,us,us
2023-02-12T09:01:06.922Z,31.682,69.9963,10,4.2,mb,29,120,2.961,0.74,us,us6000jqbi,2023-04-22T21:33:20.040Z,"51 km WSW of Kulachi, Pakistan",earthquake,10.11,1.926,0.141,14,reviewed,us,us
2023-02-10T04:40:52.049Z,36.7449,71.1258,210.571,4.2,mb,35,79,2.543,0.44,us,us6000jn0g,2023-04-15T21:39:53.040Z,"29 km ESE of Jurm, Afghanistan",earthquake,8.32,7.282,0.166,10,reviewed,us,us
2023-02-06T11:04:07.452Z,36.5065,70.3144,194.34,4.1,mb,30,89,2.219,0.68,us,us6000jlqs,2023-04-15T21:39:36.040Z,"41 km E of Farkh?r, Afghanistan",earthquake,7.23,8.512,0.185,8,reviewed,us,us
2023-02-04T21:24:56.576Z,37.2483,71.4678,113.734,4.2,mb,40,65,2.241,0.73,us,us6000jlgk,2023-04-13T21:53:25.040Z,"27 km SSW of Khorugh, Tajikistan",earthquake,6.43,3.917,0.147,13,reviewed,us,us
2023-02-04T12:23:26.321Z,37.4442,72.6877,58.958,4.7,mb,58,48,2.147,0.47,us,us6000jldt,2023-04-13T21:53:24.040Z,"63 km NNE of Khand?d, Afghanistan",earthquake,7.14,6.256,0.07,62,reviewed,us,us
2023-02-04T10:47:31.711Z,36.4381,70.9881,153.041,4.1,mb,21,88,2.47,0.62,us,us6000jldc,2023-04-13T21:53:24.040Z,"Hindu Kush region, Afghanistan",earthquake,5.13,10.574,0.234,5,reviewed,us,us
2023-02-04T03:37:21.314Z,36.6455,71.2009,221.972,4.1,mb,35,73,2.739,0.64,us,us6000jlbv,2023-04-13T21:53:23.040Z,"30 km W of Ashk?sham, Afghanistan",earthquake,8.29,7.353,0.15,12,reviewed,us,us
2023-02-03T21:22:53.059Z,36.4094,70.7814,205.818,4.3,mb,81,75,2.343,0.49,us,us6000jl9j,2023-04-13T21:53:22.040Z,"50 km S of Jurm, Afghanistan",earthquake,7.01,7.217,0.075,50,reviewed,us,us
2023-02-01T14:29:54.469Z,36.2121,68.7661,69.431,4,mb,16,116,1.683,0.18,us,us6000jkru,2023-04-13T21:53:16.040Z,"Hindu Kush region, Afghanistan",earthquake,8.69,11.173,0.157,11,reviewed,us,us
2023-02-01T05:41:10.999Z,37.4221,59.9086,10,4,mb,30,88,8.921,0.98,us,us6000jknr,2023-04-13T21:53:15.040Z,"27 km ENE of Kaka, Turkmenistan",earthquake,8.04,1.94,0.197,7,reviewed,us,us
2023-01-29T07:54:47.532Z,33.5931,72.8907,30.793,4.4,mb,39,176,0.321,0.52,us,us6000jk4q,2023-04-13T21:53:08.040Z,"14 km W of Rawalpindi, Pakistan",earthquake,10.11,7.211,0.127,18,reviewed,us,us
2023-01-28T01:08:04.554Z,36.4986,71.3233,92.65,4.3,mb,21,108,2.697,0.65,us,us6000jjw9,2023-04-11T18:51:37.040Z,"27 km SW of Ashk?sham, Afghanistan",earthquake,5.52,15.325,0.187,8,reviewed,us,us
2023-01-26T23:38:14.307Z,36.6217,67.6255,10,4,mb,27,129,2.311,0.71,us,us6000jjkl,2023-04-11T18:51:35.040Z,"",earthquake,7.61,1.973,0.211,6,reviewed,us,us
2023-01-26T17:03:13.690Z,38.0851,74.2357,177.01,4,mb,39,53,2.358,0.94,us,us6000jjif,2023-04-11T18:51:34.040Z,"25 km ESE of Murghob, Tajikistan",earthquake,6.54,7.773,0.138,19,reviewed,us,us
2023-01-26T01:41:56.836Z,36.0944,70.2975,123.331,4.1,mb,24,80,1.859,0.67,us,us6000jjb5,2023-04-11T18:51:33.040Z,"66 km SE of Farkh?r, Afghanistan",earthquake,6.95,13.598,0.174,9,reviewed,us,us
2023-01-25T21:53:05.320Z,37.4946,72.2706,189.559,4,mb,35,124,2.014,0.33,us,us6000jj9h,2023-04-11T18:51:32.040Z,"60 km N of Khand?d, Afghanistan",earthquake,7.42,6.251,0.138,14,reviewed,us,us
2023-01-22T21:22:37.602Z,36.5949,70.8744,214.022,4.4,mb,20,97,2.536,0.73,us,us7000j6a0,2023-04-11T18:51:53.040Z,"30 km S of Jurm, Afghanistan",earthquake,8.11,10.761,0.311,3,reviewed,us,us
2023-01-22T07:03:21.702Z,38.2712,73.977,158.875,4.1,mb,34,129,2.083,0.51,us,us7000j66s,2023-04-11T18:51:52.040Z,"Tajikistan-Xinjiang border region",earthquake,7.99,8.644,0.127,18,reviewed,us,us
2023-01-22T05:40:19.471Z,37.3661,71.8601,140.956,4.3,mb,18,80,2.109,0.4,us,us7000j66f,2023-04-11T18:51:51.040Z,"30 km ESE of Khorugh, Tajikistan",earthquake,6.07,9.631,0.265,4,reviewed,us,us
2023-01-22T03:34:41.423Z,36.4969,70.2902,202.922,4.1,mb,34,83,2.201,0.76,us,us7000j660,2023-04-11T18:51:51.040Z,"39 km ESE of Farkh?r, Afghanistan",earthquake,7.18,7.547,0.145,17,reviewed,us,us
2023-01-19T11:30:42.960Z,35.5464,71.3961,104.372,5.1,mww,115,46,2.176,0.7,us,us7000j5hh,2023-03-31T19:45:23.040Z,"45 km ENE of P?r?n, Afghanistan",earthquake,5.86,4.417,0.08,15,reviewed,us,us
2023-01-18T14:09:34.227Z,36.492,69.6013,10,4.2,mb,18,104,1.999,1.05,us,us6000jjez,2023-03-31T19:43:28.040Z,"24 km WSW of Farkh?r, Afghanistan",earthquake,7.74,1.945,0.187,8,reviewed,us,us
2023-01-12T16:18:38.280Z,36.4328,71.1482,231.547,4.1,mb,41,74,2.552,0.83,us,us7000j5tz,2023-03-20T06:04:01.040Z,"44 km SW of Ashk?sham, Afghanistan",earthquake,7.31,6.727,0.117,22,reviewed,us,us
2023-01-10T07:42:58.597Z,38.1593,74.116,174.6,4.4,mb,54,53,2.238,0.75,us,us7000j3cu,2023-03-20T06:03:12.040Z,"13 km E of Murghob, Tajikistan",earthquake,6.94,5.985,0.089,36,reviewed,us,us
2023-01-09T04:48:16.893Z,36.5315,70.9571,193.763,4,mb,52,73,2.526,0.83,us,us7000j329,2023-03-20T06:03:03.040Z,"38 km SSE of Jurm, Afghanistan",earthquake,8.21,7.47,0.095,30,reviewed,us,us
2023-01-08T22:33:21.160Z,37.058,71.3902,117.646,4.6,mb,26,91,2.443,0.7,us,us7000j31e,2023-03-20T06:03:01.040Z,"41 km NNW of Ishqoshim, Tajikistan",earthquake,7.82,9.469,0.192,10,reviewed,us,us
2023-01-05T22:45:21.345Z,36.4511,68.7722,10,4.3,mb,45,101,1.919,0.91,us,us7000j2f5,2023-03-11T22:51:41.040Z,"31 km SSW of Kunduz, Afghanistan",earthquake,7.63,1.912,0.119,20,reviewed,us,us
2023-01-05T14:25:53.019Z,36.4738,70.7455,203,6,mww,108,22,2.377,0.73,us,us7000j2b9,2023-03-11T22:51:41.040Z,"44 km S of Jurm, Afghanistan",earthquake,7.14,1.888,0.039,62,reviewed,us,us
2023-01-04T10:04:28.046Z,31.7032,73.979,10,4.2,mb,16,182,2.032,0.68,us,us7000j22v,2023-03-11T22:51:39.040Z,"1 km SSW of Shekhupura, Pakistan",earthquake,8.81,1.994,0.264,4,reviewed,us,us
2023-01-01T21:59:00.724Z,38.0399,72.3573,117.822,4,mb,26,126,1.5,0.86,us,us7000j1hb,2023-03-11T22:51:30.040Z,"Tajikistan",earthquake,6.87,9.868,0.196,7,reviewed,us,us
2023-01-01T21:24:15.849Z,29.7295,70.1934,10,4.3,mb,33,138,4.706,0.68,us,us7000j1h6,2023-03-11T22:51:30.040Z,"25 km NW of Dajal, Pakistan",earthquake,9.06,1.935,0.153,12,reviewed,us,us
2023-01-01T06:39:45.016Z,36.5374,70.9078,187.282,4.8,mb,108,37,2.506,0.49,us,us7000j1cr,2023-03-11T22:51:29.040Z,"36 km S of Jurm, Afghanistan",earthquake,6.21,5.592,0.04,194,reviewed,us,us
2022-12-30T01:45:16.195Z,36.6977,71.4086,181.299,4.2,mb,56,69,2.731,0.98,us,us7000j0ze,2023-03-07T18:59:58.040Z,"",earthquake,7.59,7.207,0.099,28,reviewed,us,us
2022-12-28T22:50:11.288Z,36.5728,70.9592,202.082,4,mb,37,71,0.632,0.68,us,us7000j0q7,2023-03-07T18:59:56.040Z,"34 km SSE of Jurm, Afghanistan",earthquake,4.04,5.481,0.134,15,reviewed,us,us
2022-12-28T00:26:29.581Z,38.2062,74.2315,167.546,4,mb,30,57,2.284,0.59,us,us7000j3f3,2023-03-07T19:00:07.040Z,"Tajikistan-Xinjiang border region",earthquake,6.76,7.239,0.139,14,reviewed,us,us
2022-12-26T02:57:03.782Z,36.5225,70.8007,177.945,4.4,mb,75,74,0.628,0.85,us,us6000jbq3,2023-03-07T18:59:49.040Z,"38 km S of Jurm, Afghanistan",earthquake,6.93,5.401,0.082,43,reviewed,us,us
2022-12-21T19:33:15.412Z,36.7182,71.0735,221.368,4.2,mb,47,69,0.569,0.92,us,us6000jawr,2023-02-28T23:06:41.040Z,"26 km SE of Jurm, Afghanistan",earthquake,4.32,6.483,0.115,21,reviewed,us,us
2022-12-21T06:27:42.596Z,36.5404,70.8832,185.215,4,mb,38,79,0.634,1.08,us,us6000jasq,2023-02-28T23:06:38.040Z,"36 km S of Jurm, Afghanistan",earthquake,7.14,4.032,0.138,14,reviewed,us,us
2022-12-21T02:27:01.824Z,36.5417,71.4099,116.948,4.4,mb,67,77,0.887,0.6,us,us6000jar7,2023-02-28T23:06:37.040Z,"",earthquake,6.38,4.801,0.078,47,reviewed,us,us
2022-12-15T17:07:39.851Z,36.3421,71.0118,104.319,4.3,mb,37,77,2.411,0.85,us,us6000j9ih,2023-02-18T22:04:14.040Z,"60 km SW of Ashk?sham, Afghanistan",earthquake,6.11,7.889,0.122,21,reviewed,us,us
2022-12-13T20:16:14.898Z,37.3076,71.9181,153.663,4,mb,15,106,1.087,0.45,us,us6000j920,2023-02-18T22:04:08.040Z,"Afghanistan-Tajikistan border region",earthquake,6.52,5.027,0.26,4,reviewed,us,us
2022-12-13T02:05:12.632Z,36.3305,69.2784,12.274,4.3,mb,26,65,1.31,0.54,us,us6000j8x8,2023-02-18T22:04:07.040Z,"32 km NNE of Nahr?n, Afghanistan",earthquake,4.27,5.671,0.169,10,reviewed,us,us
2022-12-12T02:11:07.931Z,36.5658,71.0032,219.279,4.4,mb,81,72,0.655,0.7,us,us6000j8pk,2023-02-18T22:04:05.040Z,"36 km SSE of Jurm, Afghanistan",earthquake,8.05,3.068,0.067,63,reviewed,us,us
2022-12-11T09:53:38.335Z,36.7551,71.1267,95.589,4.6,mb,35,68,2.536,0.53,us,us6000j8ki,2023-02-18T22:04:03.040Z,"28 km ESE of Jurm, Afghanistan",earthquake,4.96,7.947,0.152,13,reviewed,us,us
2022-12-11T03:13:53.784Z,36.6716,71.0593,243.953,4.5,mb,77,47,0.596,0.88,us,us6000j8ip,2023-02-18T22:04:02.040Z,"29 km SE of Jurm, Afghanistan",earthquake,7.47,4.992,0.058,87,reviewed,us,us
2022-12-11T01:52:46.957Z,34.6418,69.3476,25.69,4.3,mb,25,123,0.271,0.95,us,us6000j8id,2023-02-18T22:04:02.040Z,"20 km NE of Kabul, Afghanistan",earthquake,9.41,6.074,0.142,14,reviewed,us,us
2022-12-10T23:12:25.473Z,37.3421,72.1979,218.043,4,mb,14,130,1.312,0.36,us,us6000j8hl,2023-02-18T22:04:02.040Z,"44 km NNW of Khand?d, Afghanistan",earthquake,8.1,12.59,0.366,2,reviewed,us,us
2022-12-10T01:22:06.580Z,37.8698,71.9174,99.634,4,mb,15,124,1.608,0.82,us,us6000j8bg,2023-02-18T22:04:00.040Z,"Afghanistan-Tajikistan border region",earthquake,7.24,11.518,0.231,5,reviewed,us,us
2022-12-09T18:41:05.061Z,38.6815,73.6617,104.947,4.3,mb,32,100,1.653,0.55,us,us6000j87v,2023-02-11T23:03:22.040Z,"62 km NNW of Murghob, Tajikistan",earthquake,7.58,7.606,0.137,17,reviewed,us,us
2022-12-08T20:01:41.565Z,36.4811,71.2461,120.961,4,mb,23,106,2.641,0.98,us,us6000j804,2023-02-11T23:03:18.040Z,"34 km SW of Ashk?sham, Afghanistan",earthquake,8.82,12.152,0.232,5,reviewed,us,us
2022-12-06T16:03:46.374Z,38.7748,70.8754,10,4.7,mb,103,42,1.005,0.39,us,us6000j7d0,2023-02-11T23:03:11.040Z,"51 km ESE of Rasht, Tajikistan",earthquake,6.64,1.811,0.048,131,reviewed,us,us
2022-12-06T05:25:17.533Z,37.2873,62.376,10,4.3,mb,23,170,6.064,0.43,us,us6000j77f,2023-02-11T23:03:10.040Z,"Turkmenistan",earthquake,9.48,1.964,0.187,8,reviewed,us,us
2022-12-05T12:07:37.113Z,37.9806,72.44,129.034,4.3,mb,42,53,1.576,0.42,us,us6000j70j,2023-02-11T23:03:08.040Z,"95 km NE of Khorugh, Tajikistan",earthquake,6.66,4.854,0.119,20,reviewed,us,us
2022-12-03T15:54:11.766Z,36.5299,70.4886,206.272,4.2,mb,16,83,0.599,0.89,us,us6000j6p4,2023-02-11T23:03:04.040Z,"Hindu Kush region, Afghanistan",earthquake,8.67,8.764,0.304,3,reviewed,us,us
2022-12-03T02:59:37.987Z,36.5846,71.4785,90.921,4.5,mb,55,53,0.903,0.9,us,us6000j6hx,2023-02-11T23:03:02.040Z,"12 km SSW of Ashk?sham, Afghanistan",earthquake,6.57,6.2,0.08,46,reviewed,us,us
2022-12-03T01:21:40.640Z,35.4013,71.0115,97.436,4.3,mb,37,117,1.756,0.87,us,us6000j6hi,2023-02-11T23:03:02.040Z,"8 km ESE of P?r?n, Afghanistan",earthquake,7.87,7.654,0.129,18,reviewed,us,us
2022-12-02T14:06:13.752Z,37.0987,71.8873,183.542,4.1,mb,19,84,1.049,0.33,us,us6000j6as,2023-02-05T23:26:05.040Z,"41 km WNW of Khand?d, Afghanistan",earthquake,4.48,10.462,0.261,4,reviewed,us,us
2022-11-29T20:21:06.444Z,36.3986,70.6357,140.832,4.1,mb,21,79,0.727,0.93,us,us6000j5le,2023-02-05T23:25:18.040Z,"",earthquake,6.74,7.174,0.185,9,reviewed,us,us
2022-11-29T05:33:53.060Z,36.6376,69.948,41.538,4.6,mb,76,40,0.701,0.65,us,us7000it74,2023-02-05T23:25:00.040Z,"10 km NE of Farkh?r, Afghanistan",earthquake,5.7,5.795,0.071,58,reviewed,us,us
2022-11-25T16:49:28.073Z,36.6873,71.0338,230.981,4.1,mb,22,76,0.571,0.63,us,us7000isew,2023-01-30T06:01:50.040Z,"",earthquake,9.28,4.621,0.233,5,reviewed,us,us
2022-11-23T08:45:18.130Z,36.5152,70.6088,200.696,4.5,mb,60,71,0.61,0.73,us,us7000irs3,2023-01-30T06:01:10.040Z,"",earthquake,7.65,5.627,0.063,74,reviewed,us,us
2022-11-23T04:07:01.135Z,36.6778,71.2267,216.267,4,mb,25,85,0.687,0.52,us,us7000irqt,2023-01-30T06:01:06.040Z,"27 km W of Ashk?sham, Afghanistan",earthquake,7.28,4.627,0.231,5,reviewed,us,us
2022-11-22T14:39:41.427Z,36.3563,70.6926,102.269,4.2,mb,14,113,0.773,0.34,us,us7000irj0,2023-01-30T06:00:57.040Z,"57 km SSW of Jurm, Afghanistan",earthquake,6.32,5.685,0.529,1,reviewed,us,us
2022-11-21T15:02:06.961Z,36.556,71.2504,100.444,4.2,mb,29,100,0.785,0.4,us,us7000irb9,2023-01-30T06:00:35.040Z,"28 km WSW of Ashk?sham, Afghanistan",earthquake,6.1,8.248,0.199,8,reviewed,us,us
2022-11-21T05:36:59.269Z,37.9622,72.7253,148.252,4.5,mb,66,52,1.677,0.48,us,us7000ir9r,2023-01-30T06:00:32.040Z,"111 km WSW of Murghob, Tajikistan",earthquake,5.64,6.645,0.087,38,reviewed,us,us
2022-11-20T22:42:09.227Z,36.8229,69.8367,10,4.2,mb,39,65,0.665,0.59,us,us7000ir80,2023-01-30T06:00:29.040Z,"27 km N of Farkh?r, Afghanistan",earthquake,4.86,1.9,0.146,13,reviewed,us,us
2022-11-20T02:03:23.223Z,36.6665,71.1539,207.291,4.2,mb,42,70,0.652,0.82,us,us7000ir2r,2023-01-30T06:00:17.040Z,"33 km W of Ashk?sham, Afghanistan",earthquake,8.23,5.909,0.128,17,reviewed,us,us
2022-11-19T08:41:06.777Z,36.6359,71.3665,223.813,4.4,mb,27,80,0.8,0.59,us,us7000iqye,2023-01-30T06:00:08.040Z,"15 km WSW of Ashk?sham, Afghanistan",earthquake,7.34,7.796,0.17,10,reviewed,us,us
2022-11-19T01:21:06.892Z,29.9755,68.2441,36.082,4.2,mb,22,262,4.602,0.73,us,us7000iqw2,2023-01-30T06:00:04.040Z,"32 km ESE of Harnai, Pakistan",earthquake,14.65,12.707,0.199,7,reviewed,us,us
2022-11-18T22:26:52.838Z,34.6684,70.5727,10,4,mb,34,120,1.268,0.79,us,us7000iqv8,2023-01-28T19:58:27.040Z,"29 km NNE of Jal?l?b?d, Afghanistan",earthquake,2.76,1.909,0.197,7,reviewed,us,us
2022-11-17T14:40:47.055Z,38.7787,66.3552,51.223,4.1,mb,25,67,2.079,0.76,us,us7000iqf0,2023-01-28T19:58:21.040Z,"19 km NNE of G‘uzor, Uzbekistan",earthquake,6.97,10.548,0.198,7,reviewed,us,us
2022-11-17T10:37:58.751Z,36.3373,70.9558,108.455,4.3,mb,32,79,0.843,0.87,us,us7000iqdk,2023-01-28T19:58:21.040Z,"59 km S of Jurm, Afghanistan",earthquake,5.22,7.616,0.16,11,reviewed,us,us
2022-11-17T08:35:45.861Z,33.5036,72.1278,25.92,4.4,mb,41,167,0.963,0.52,us,us7000iqcw,2023-01-28T19:58:21.040Z,"12 km NE of Jand, Pakistan",earthquake,8.05,3.6,0.115,22,reviewed,us,us
2022-11-14T07:41:29.999Z,36.469,71.002,153.469,4,mb,34,76,0.739,0.49,us,us7000ipkk,2023-01-28T19:58:14.040Z,"46 km SSE of Jurm, Afghanistan",earthquake,5.24,7.281,0.164,10,reviewed,us,us
2022-11-13T22:12:16.150Z,31.6076,73.0214,10,4.4,mb,38,174,2.048,0.68,us,us7000ipim,2023-01-28T19:58:13.040Z,"13 km SSE of Chiniot, Pakistan",earthquake,9.02,1.981,0.126,18,reviewed,us,us
2022-11-12T07:08:11.149Z,36.5158,71.1766,83.718,4.6,mb,46,105,0.776,0.61,us,us7000ip8g,2023-01-28T19:58:08.040Z,"36 km WSW of Ashk?sham, Afghanistan",earthquake,6.9,7.079,0.1,30,reviewed,us,us
2022-11-07T03:25:21.832Z,37.0086,71.0964,75.937,5.1,mww,89,45,0.432,0.55,us,us7000imzu,2023-01-21T19:27:11.040Z,"Afghanistan-Tajikistan border region",earthquake,8.42,4.409,0.098,10,reviewed,us,us
2022-11-06T07:05:25.732Z,36.4624,70.5744,202.019,4.4,mb,30,92,0.662,0.84,us,us7000imvs,2023-01-21T19:27:10.040Z,"50 km SSW of Jurm, Afghanistan",earthquake,8.44,6.853,0.149,13,reviewed,us,us
2022-11-05T17:51:42.527Z,36.5149,70.3789,196.417,4.3,mb,37,73,0.63,0.3,us,us7000imr4,2023-01-21T19:27:09.040Z,"47 km E of Farkh?r, Afghanistan",earthquake,5.19,5.871,0.101,29,reviewed,us,us
2022-11-03T23:04:04.862Z,36.6048,70.8899,215.868,4.3,mb,37,70,0.577,0.68,us,us7000imbm,2023-01-12T23:11:22.040Z,"29 km S of Jurm, Afghanistan",earthquake,6.82,6.574,0.132,16,reviewed,us,us
2022-11-03T21:32:32.626Z,37.2656,71.6794,114.894,4.2,mb,20,123,0.892,0.56,us,us7000imb2,2023-01-12T23:11:21.040Z,"Afghanistan-Tajikistan border region",earthquake,6.74,7.853,0.373,2,reviewed,us,us
2022-11-02T03:07:58.893Z,36.3763,71.307,100.585,4.1,mb,33,78,0.951,0.86,us,us7000ilw9,2023-01-12T23:10:59.040Z,"39 km SSW of Ashk?sham, Afghanistan",earthquake,6.14,3.369,0.165,10,reviewed,us,us
2022-10-31T19:44:57.958Z,36.5904,71.4367,112.713,4.3,mb,58,71,2.825,1.21,us,us7000ilk4,2023-01-12T23:10:49.040Z,"13 km SW of Ashk?sham, Afghanistan",earthquake,7.65,8.26,0.086,38,reviewed,us,us
2022-10-30T18:31:03.751Z,28.7382,66.667,10,4.2,mb,35,78,6.129,1.04,us,us7000ilcs,2023-01-12T23:10:40.040Z,"Pakistan",earthquake,5.66,1.929,0.115,21,reviewed,us,us
2022-10-30T14:41:03.782Z,36.5144,71.3103,93.169,4.1,mb,21,75,2.701,0.67,us,us7000ilc1,2023-01-12T23:10:38.040Z,"27 km SW of Ashk?sham, Afghanistan",earthquake,8.34,11.867,0.174,10,reviewed,us,us
2022-10-29T23:44:39.071Z,38.6403,70.0701,10,4,mb,35,91,0.832,0.78,us,us7000il8y,2023-01-12T23:10:34.040Z,"23 km SE of Roghun, Tajikistan",earthquake,4.24,1.916,0.134,15,reviewed,us,us
2022-10-29T15:41:08.165Z,36.5219,71.2745,130.931,4.1,mb,27,70,2.687,0.68,us,us7000il6l,2023-01-12T23:10:30.040Z,"29 km SW of Ashk?sham, Afghanistan",earthquake,5.8,8.157,0.166,10,reviewed,us,us
2022-10-21T04:07:10.974Z,36.6385,71.1062,203.205,4.1,mb,19,101,2.615,0.75,us,us6000iwec,2022-12-31T23:03:49.040Z,"34 km SE of Jurm, Afghanistan",earthquake,9.51,8.966,0.213,6,reviewed,us,us
2022-10-20T08:33:44.360Z,36.7349,69.793,300.149,4.2,mb,54,58,2.019,0.76,us,us6000iv4d,2022-12-31T23:03:40.040Z,"18 km NNW of Farkh?r, Afghanistan",earthquake,7.57,7.479,0.091,34,reviewed,us,us
2022-10-19T20:35:22.038Z,36.2664,71.2038,99.091,4.3,mb,32,79,2.466,1.23,us,us6000iuy8,2022-12-31T23:03:40.040Z,"54 km SSW of Ashk?sham, Afghanistan",earthquake,5.73,10.03,0.133,16,reviewed,us,us
2022-10-18T13:43:32.521Z,38.4568,73.4456,124.266,4.1,mb,24,137,1.639,0.46,us,us6000iuix,2022-12-31T23:03:38.040Z,"55 km NW of Murghob, Tajikistan",earthquake,4.73,10.803,0.261,4,reviewed,us,us
2022-10-11T08:10:20.201Z,36.8088,66.8796,36.415,4.9,mb,55,79,2.501,0.77,us,us6000isnu,2022-12-17T22:53:53.040Z,"6 km NNW of Balkh, Afghanistan",earthquake,6.48,6.839,0.071,62,reviewed,us,us
2022-10-11T02:41:02.161Z,36.6384,70.8961,219.825,4,mb,24,101,0.55,0.46,us,us6000iubt,2022-12-17T22:54:15.040Z,"25 km SSE of Jurm, Afghanistan",earthquake,4.41,6.048,0.259,4,reviewed,us,us
2022-10-10T23:23:05.801Z,37.0307,71.4559,106.571,5,mb,97,39,0.71,0.79,us,us6000islc,2022-12-17T22:53:52.040Z,"36 km NNW of Ishqoshim, Tajikistan",earthquake,5.63,4.683,0.038,218,reviewed,us,us
2022-10-10T03:20:07.448Z,36.359,70.7118,135.869,4,mb,17,112,0.773,0.38,us,us6000ise2,2022-12-17T22:53:48.040Z,"57 km S of Jurm, Afghanistan",earthquake,3.61,9.063,0.3,3,reviewed,us,us
2022-10-08T04:39:29.974Z,36.4985,70.3221,220.12,4,mb,18,124,0.658,0.95,us,us6000is0w,2022-12-17T22:53:40.040Z,"42 km ESE of Farkh?r, Afghanistan",earthquake,9.57,7.331,0.259,4,reviewed,us,us
2022-10-02T23:28:25.589Z,36.1294,70.7686,91.572,4.4,mb,50,82,1.006,0.62,us,us6000iqb1,2022-12-10T22:52:51.040Z,"79 km N of P?r?n, Afghanistan",earthquake,6.8,7.281,0.1,29,reviewed,us,us
2022-10-02T13:24:09.895Z,37.2556,70.0931,11.835,4.3,mb,36,88,0.407,0.7,us,us6000iq7v,2022-12-10T22:52:46.040Z,"27 km ENE of Rust?q, Afghanistan",earthquake,4.3,4.617,0.137,16,reviewed,us,us
