{"type":"FeatureCollection","metadata":{"generated":1706094586000,"url":"https://earthquake.usgs.gov/fdsnws/event/1/query.geojson?starttime=2023-12-25%2000:00:00&endtime=2024-01-24%2023:59:59&maxlatitude=37.764&minlatitude=36.37&maxlongitude=137.955&minlongitude=136&minmagnitude=4.5&orderby=time","title":"USGS Earthquakes","status":200,"api":"1.14.0","count":46},"features":[{"type":"Feature","properties":{"mag":4.5,"place":"30 km ENE of Anamizu, Japan","time":1705601079336,"updated":1705603308040,"tz":null,"url":"https://earthquake.usgs.gov/earthquakes/eventpage/us6000m4hy","detail":"https://earthquake.usgs.gov/fdsnws/event/1/query?eventid=us6000m4hy&format=geojson","felt":null,"cdi":null,"mmi":null,"alert":null,"status":"reviewed","tsunami":0,"sig":312,"net":"us","code":"6000m4hy","ids":",us6000m4hy,","sources":",us,","types":",origin,phase-data,","nst":58,"dmin":1.088,"rms":0.98,"gap":83,"magType":"mb","type":"earthquake","title":"M 4.5 - 30 km ENE of Anamizu, Japan"},"geometry":{"type":"Point","coordinates":[137.2259,37.3223,10]},"id":"us6000m4hy"},
{"type":"Feature","properties":{"mag":5,"place":"16 km WSW of Anamizu, Japan","time":1705398136207,"updated":1705747096312,"tz":null,"url":"https://earthquake.usgs.gov/earthquakes/eventpage/us6000m3wx","detail":"https://earthquake.usgs.gov/fdsnws/event/1/query?eventid=us6000m3wx&format=geojson","felt":1,"cdi":7.2,"mmi":null,"alert":null,"status":"reviewed","tsunami":0,"sig":385,"net":"us","code":"6000m3wx","ids":",us6000m3wx,","sources":",us,","types":",dyfi,moment-tensor,origin,phase-data,","nst":44,"dmin":1.352,"rms":1.02,"gap":63,"magType":"mb","type":"earthquake","title":"M 5.0 - 16 km WSW of Anamizu, Japan"},"geometry":{"type":"Point","coordinates":[136.7256,37.1962,10]},"id":"us6000m3wx"},
{"type":"Feature","properties":{"mag":4.5,"place":"43 km ENE of Anamizu, Japan","time":1705048148995,"updated":1705056277040,"tz":null,"url":"https://earthquake.usgs.gov/earthquakes/eventpage/us6000m39a","detail":"https://earthquake.usgs.gov/fdsnws/event/1/query?eventid=us6000m39a&format=geojson","felt":null,"cdi":null,"mmi":null,"alert":null,"status":"reviewed","tsunami":0,"sig":312,"net":"us","code":"6000m39a","ids":",us6000m39a,","sources":",us,","types":",origin,phase-data,","nst":36,"dmin":0.956,"rms":0.64,"gap":89,"magType":"mb","type":"earthquake","title":"M 4.5 - 43 km ENE of Anamizu, Japan"},"geometry":{"type":"Point","coordinates":[137.3084,37.4485,9.598]},"id":"us6000m39a"},
{"type":"Feature","properties":{"mag":4.5,"place":"63 km NNW of Itoigawa, Japan","time":1705006468326,"updated":1705847095040,"tz":null,"url":"https://earthquake.usgs.gov/earthquakes/eventpage/us6000m36x","detail":"https://earthquake.usgs.gov/fdsnws/event/1/query?eventid=us6000m36x&format=geojson","felt":null,"cdi":null,"mmi":null,"alert":null,"status":"reviewed","tsunami":0,"sig":312,"net":"us","code":"6000m36x","ids":",us6000m36x,","sources":",us,","types":",origin,phase-data,","nst":59,"dmin":0.67,"rms":0.59,"gap":104,"magType":"mb","type":"earthquake","title":"M 4.5 - 63 km NNW of Itoigawa, Japan"},"geometry":{"type":"Point","coordinates":[137.6389,37.5826,10]},"id":"us6000m36x"},
{"type":"Feature","properties":{"mag":4.5,"place":"6 km SSW of Anamizu, Japan","time":1704631098454,"updated":1706030589040,"tz":null,"url":"https://earthquake.usgs.gov/earthquakes/eventpage/us6000m2c0","detail":"https://earthquake.usgs.gov/fdsnws/event/1/query?eventid=us6000m2c0&format=geojson","felt":null,"cdi":null,"mmi":null,"alert":null,"status":"reviewed","tsunami":0,"sig":312,"net":"us","code":"6000m2c0","ids":",us6000m2c0,","sources":",us,","types":",moment-tensor,origin,phase-data,","nst":86,"dmin":1.248,"rms":0.74,"gap":66,"magType":"mwr","type":"earthquake","title":"M 4.5 - 6 km SSW of Anamizu, Japan"},"geometry":{"type":"Point","coordinates":[136.8656,37.1829,10]},"id":"us6000m2c0"},
{"type":"Feature","properties":{"mag":4.8,"place":"11 km WSW of Anamizu, Japan","time":1704608816376,"updated":1704610569040,"tz":null,"url":"https://earthquake.usgs.gov/earthquakes/eventpage/us6000m2b6","detail":"https://earthquake.usgs.gov/fdsnws/event/1/query?eventid=us6000m2b6&format=geojson","felt":null,"cdi":null,"mmi":null,"alert":null,"status":"reviewed","tsunami":0,"sig":354,"net":"us","code":"6000m2b6","ids":",us6000m2b6,","sources":",us,","types":",origin,phase-data,","nst":81,"dmin":1.318,"rms":0.79,"gap":65,"magType":"mb","type":"earthquake","title":"M 4.8 - 11 km WSW of Anamizu, Japan"},"geometry":{"type":"Point","coordinates":[136.7744,37.1974,10]},"id":"us6000m2b6"},
{"type":"Feature","properties":{"mag":4.5,"place":"43 km NE of Anamizu, Japan","time":1704605878496,"updated":1704607124040,"tz":null,"url":"https://earthquake.usgs.gov/earthquakes/eventpage/us6000m2b3","detail":"https://earthquake.usgs.gov/fdsnws/event/1/query?eventid=us6000m2b3&format=geojson","felt":null,"cdi":null,"mmi":null,"alert":null,"status":"reviewed","tsunami":0,"sig":312,"net":"us","code":"6000m2b3","ids":",us6000m2b3,","sources":",us,","types":",origin,phase-data,","nst":31,"dmin":0.958,"rms":0.89,"gap":89,"magType":"mwr","type":"earthquake","title":"M 4.5 - 43 km NE of Anamizu, Japan"},"geometry":{"type":"Point","coordinates":[137.3033,37.4509,2.34]},"id":"us6000m2b3"},
{"type":"Feature","properties":{"mag":4.5,"place":"17 km W of Anamizu, Japan","time":1704550823038,"updated":1704563619040,"tz":null,"url":"https://earthquake.usgs.gov/earthquakes/eventpage/us6000m27p","detail":"https://earthquake.usgs.gov/fdsnws/event/1/query?eventid=us6000m27p&format=geojson","felt":null,"cdi":null,"mmi":null,"alert":null,"status":"reviewed","tsunami":0,"sig":312,"net":"us","code":"6000m27p","ids":",us6000m27p,","sources":",us,","types":",origin,phase-data,","nst":47,"dmin":1.369,"rms":0.85,"gap":62,"magType":"mb","type":"earthquake","title":"M 4.5 - 17 km W of Anamizu, Japan"},"geometry":{"type":"Point","coordinates":[136.7063,37.2029,10]},"id":"us6000m27p"},
{"type":"Feature","properties":{"mag":5.2,"place":"2 km SE of Anamizu, Japan","time":1704486411054,"updated":1704642605040,"tz":null,"url":"https://earthquake.usgs.gov/earthquakes/eventpage/us6000m22x","detail":"https://earthquake.usgs.gov/fdsnws/event/1/query?eventid=us6000m22x&format=geojson","felt":8,"cdi":3.7,"mmi":null,"alert":null,"status":"reviewed","tsunami":0,"sig":419,"net":"us","code":"6000m22x","ids":",us6000m22x,","sources":",us,","types":",dyfi,moment-tensor,origin,phase-data,","nst":107,"dmin":1.233,"rms":0.82,"gap":68,"magType":"mww","type":"earthquake","title":"M 5.2 - 2 km SE of Anamizu, Japan"},"geometry":{"type":"Point","coordinates":[136.9151,37.2199,10]},"id":"us6000m22x"},
{"type":"Feature","properties":{"mag":4.9,"place":"19 km WSW of Anamizu, Japan","time":1704473948474,"updated":1704474807040,"tz":null,"url":"https://earthquake.usgs.gov/earthquakes/eventpage/us6000m21w","detail":"https://earthquake.usgs.gov/fdsnws/event/1/query?eventid=us6000m21w&format=geojson","felt":null,"cdi":null,"mmi":null,"alert":null,"status":"reviewed","tsunami":0,"sig":369,"net":"us","code":"6000m21w","ids":",us6000m21w,","sources":",us,","types":",origin,phase-data,","nst":60,"dmin":1.365,"rms":0.59,"gap":62,"magType":"mb","type":"earthquake","title":"M 4.9 - 19 km WSW of Anamizu, Japan"},"geometry":{"type":"Point","coordinates":[136.6903,37.1709,10]},"id":"us6000m21w"},
{"type":"Feature","properties":{"mag":5.1,"place":"72 km NE of Anamizu, Japan","time":1704356183508,"updated":1704404973040,"tz":null,"url":"https://earthquake.usgs.gov/earthquakes/eventpage/us6000m1m0","detail":"https://earthquake.usgs.gov/fdsnws/event/1/query?eventid=us6000m1m0&format=geojson","felt":2,"cdi":6.1,"mmi":null,"alert":null,"status":"reviewed","tsunami":0,"sig":401,"net":"us","code":"6000m1m0","ids":",us6000m1m0,","sources":",us,","types":",dyfi,moment-tensor,origin,phase-data,","nst":70,"dmin":0.707,"rms":0.83,"gap":92,"magType":"mb","type":"earthquake","title":"M 5.1 - 72 km NE of Anamizu, Japan"},"geometry":{"type":"Point","coordinates":[137.4802,37.6904,10]},"id":"us6000m1m0"},
{"type":"Feature","properties":{"mag":4.5,"place":"48 km ENE of Anamizu, Japan","time":1704350807480,"updated":1704352296040,"tz":null,"url":"https://earthquake.usgs.gov/earthquakes/eventpage/us6000m1lr","detail":"https://earthquake.usgs.gov/fdsnws/event/1/query?eventid=us6000m1lr&format=geojson","felt":null,"cdi":null,"mmi":null,"alert":null,"status":"reviewed","tsunami":0,"sig":312,"net":"us","code":"6000m1lr","ids":",us6000m1lr,","sources":",us,","types":",origin,phase-data,","nst":32,"dmin":0.906,"rms":0.64,"gap":92,"magType":"mb","type":"earthquake","title":"M 4.5 - 48 km ENE of Anamizu, Japan"},"geometry":{"type":"Point","coordinates":[137.3611,37.4767,10]},"id":"us6000m1lr"},
{"type":"Feature","properties":{"mag":4.9,"place":"32 km NE of Anamizu, Japan","time":1704296213546,"updated":1704319877090,"tz":null,"url":"https://earthquake.usgs.gov/earthquakes/eventpage/us6000m1fl","detail":"https://earthquake.usgs.gov/fdsnws/event/1/query?eventid=us6000m1fl&format=geojson","felt":1,"cdi":2,"mmi":null,"alert":null,"status":"reviewed","tsunami":0,"sig":370,"net":"us","code":"6000m1fl","ids":",us6000m1fl,","sources":",us,","types":",dyfi,origin,phase-data,","nst":65,"dmin":1.057,"rms":0.85,"gap":82,"magType":"mb","type":"earthquake","title":"M 4.9 - 32 km NE of Anamizu, Japan"},"geometry":{"type":"Point","coordinates":[137.1696,37.4285,10]},"id":"us6000m1fl"},
{"type":"Feature","properties":{"mag":4.5,"place":"15 km NE of Anamizu, Japan","time":1704292395995,"updated":1704723360040,"tz":null,"url":"https://earthquake.usgs.gov/earthquakes/eventpage/us6000m1fb","detail":"https://earthquake.usgs.gov/fdsnws/event/1/query?eventid=us6000m1fb&format=geojson","felt":null,"cdi":null,"mmi":null,"alert":null,"status":"reviewed","tsunami":0,"sig":312,"net":"us","code":"6000m1fb","ids":",us6000m1fb,","sources":",us,","types":",origin,phase-data,","nst":37,"dmin":1.205,"rms":0.57,"gap":75,"magType":"mb","type":"earthquake","title":"M 4.5 - 15 km NE of Anamizu, Japan"},"geometry":{"type":"Point","coordinates":[137.0193,37.3404,10]},"id":"us6000m1fb"},
{"type":"Feature","properties":{"mag":4.7,"place":"10 km N of Anamizu, Japan","time":1704275280219,"updated":1705817087040,"tz":null,"url":"https://earthquake.usgs.gov/earthquakes/eventpage/us6000m1dz","detail":"https://earthquake.usgs.gov/fdsnws/event/1/query?eventid=us6000m1dz&format=geojson","felt":null,"cdi":null,"mmi":null,"alert":null,"status":"reviewed","tsunami":0,"sig":340,"net":"us","code":"6000m1dz","ids":",us6000m1dz,","sources":",us,","types":",moment-tensor,origin,phase-data,","nst":111,"dmin":1.281,"rms":1.05,"gap":70,"magType":"mww","type":"earthquake","title":"M 4.7 - 10 km N of Anamizu, Japan"},"geometry":{"type":"Point","coordinates":[136.9172,37.3248,10]},"id":"us6000m1dz"},
{"type":"Feature","properties":{"mag":4.9,"place":"70 km NE of Anamizu, Japan","time":1704254053047,"updated":1704477486040,"tz":null,"url":"https://earthquake.usgs.gov/earthquakes/eventpage/us6000m1bt","detail":"https://earthquake.usgs.gov/fdsnws/event/1/query?eventid=us6000m1bt&format=geojson","felt":null,"cdi":null,"mmi":null,"alert":null,"status":"reviewed","tsunami":0,"sig":369,"net":"us","code":"6000m1bt","ids":",us6000m1bt,","sources":",us,","types":",moment-tensor,origin,phase-data,","nst":81,"dmin":0.71,"rms":0.44,"gap":96,"magType":"mww","type":"earthquake","title":"M 4.9 - 70 km NE of Anamizu, Japan"},"geometry":{"type":"Point","coordinates":[137.5097,37.6476,10]},"id":"us6000m1bt"},
{"type":"Feature","properties":{"mag":5.3,"place":"11 km NNE of Anamizu, Japan","time":1704246874227,"updated":1704405244040,"tz":null,"url":"https://earthquake.usgs.gov/earthquakes/eventpage/us6000m1bj","detail":"https://earthquake.usgs.gov/fdsnws/event/1/query?eventid=us6000m1bj&format=geojson","felt":3,"cdi":2.2,"mmi":null,"alert":null,"status":"reviewed","tsunami":0,"sig":433,"net":"us","code":"6000m1bj","ids":",us6000m1bj,usauto6000m1bj,","sources":",us,usauto,","types":",dyfi,internal-moment-tensor,moment-tensor,origin,phase-data,","nst":116,"dmin":1.269,"rms":0.59,"gap":29,"magType":"mww","type":"earthquake","title":"M 5.3 - 11 km NNE of Anamizu, Japan"},"geometry":{"type":"Point","coordinates":[136.9283,37.3317,10]},"id":"us6000m1bj"},
{"type":"Feature","properties":{"mag":4.8,"place":"46 km NE of Anamizu, Japan","time":1704216107376,"updated":1705254880930,"tz":null,"url":"https://earthquake.usgs.gov/earthquakes/eventpage/us6000m17v","detail":"https://earthquake.usgs.gov/fdsnws/event/1/query?eventid=us6000m17v&format=geojson","felt":2,"cdi":2.5,"mmi":null,"alert":null,"status":"reviewed","tsunami":0,"sig":355,"net":"us","code":"6000m17v","ids":",us6000m17v,","sources":",us,","types":",dyfi,moment-tensor,origin,phase-data,","nst":123,"dmin":0.929,"rms":0.57,"gap":35,"magType":"mww","type":"earthquake","title":"M 4.8 - 46 km NE of Anamizu, Japan"},"geometry":{"type":"Point","coordinates":[137.3192,37.482,10]},"id":"us6000m17v"},
{"type":"Feature","properties":{"mag":4.5,"place":"42 km ENE of Anamizu, Japan","time":1704187776404,"updated":1704273293040,"tz":null,"url":"https://earthquake.usgs.gov/earthquakes/eventpage/us6000m142","detail":"https://earthquake.usgs.gov/fdsnws/event/1/query?eventid=us6000m142&format=geojson","felt":null,"cdi":null,"mmi":null,"alert":null,"status":"reviewed","tsunami":0,"sig":312,"net":"us","code":"6000m142","ids":",us6000m142,","sources":",us,","types":",origin,phase-data,","nst":23,"dmin":0.961,"rms":0.52,"gap":89,"magType":"mb","type":"earthquake","title":"M 4.5 - 42 km ENE of Anamizu, Japan"},"geometry":{"type":"Point","coordinates":[137.3047,37.4453,10]},"id":"us6000m142"},
{"type":"Feature","properties":{"mag":4.9,"place":"19 km SW of Anamizu, Japan","time":1704183221460,"updated":1704185177040,"tz":null,"url":"https://earthquake.usgs.gov/earthquakes/eventpage/us6000m13q","detail":"https://earthquake.usgs.gov/fdsnws/event/1/query?eventid=us6000m13q&format=geojson","felt":null,"cdi":null,"mmi":null,"alert":null,"status":"reviewed","tsunami":0,"sig":369,"net":"us","code":"6000m13q","ids":",us6000m13q,","sources":",us,","types":",origin,phase-data,","nst":51,"dmin":1.332,"rms":0.66,"gap":62,"magType":"mb","type":"earthquake","title":"M 4.9 - 19 km SW of Anamizu, Japan"},"geometry":{"type":"Point","coordinates":[136.7137,37.1336,10.925]},"id":"us6000m13q"},
{"type":"Feature","properties":{"mag":4.8,"place":"12 km WSW of Anamizu, Japan","time":1704178674576,"updated":1705961451040,"tz":null,"url":"https://earthquake.usgs.gov/earthquakes/eventpage/us6000m13h","detail":"https://earthquake.usgs.gov/fdsnws/event/1/query?eventid=us6000m13h&format=geojson","felt":null,"cdi":null,"mmi":null,"alert":null,"status":"reviewed","tsunami":0,"sig":354,"net":"us","code":"6000m13h","ids":",us6000m13h,","sources":",us,","types":",origin,phase-data,","nst":65,"dmin":1.312,"rms":0.62,"gap":65,"magType":"mb","type":"earthquake","title":"M 4.8 - 12 km WSW of Anamizu, Japan"},"geometry":{"type":"Point","coordinates":[136.7764,37.1875,10]},"id":"us6000m13h"},
{"type":"Feature","properties":{"mag":5.4,"place":"12 km W of Anamizu, Japan","time":1704158251577,"updated":1704245809506,"tz":null,"url":"https://earthquake.usgs.gov/earthquakes/eventpage/us6000m12f","detail":"https://earthquake.usgs.gov/fdsnws/event/1/query?eventid=us6000m12f&format=geojson","felt":1,"cdi":2,"mmi":6.771,"alert":"green","status":"reviewed","tsunami":0,"sig":449,"net":"us","code":"6000m12f","ids":",us6000m12f,usauto6000m12f,","sources":",us,usauto,","types":",dyfi,internal-moment-tensor,losspager,moment-tensor,origin,phase-data,shakemap,","nst":598,"dmin":1.354,"rms":0.47,"gap":26,"magType":"mww","type":"earthquake","title":"M 5.4 - 12 km W of Anamizu, Japan"},"geometry":{"type":"Point","coordinates":[136.762,37.2522,6]},"id":"us6000m12f"},
{"type":"Feature","properties":{"mag":4.5,"place":"12 km NNE of Anamizu, Japan","time":1704147210239,"updated":1706076819040,"tz":null,"url":"https://earthquake.usgs.gov/earthquakes/eventpage/us6000m11s","detail":"https://earthquake.usgs.gov/fdsnws/event/1/query?eventid=us6000m11s&format=geojson","felt":null,"cdi":null,"mmi":null,"alert":null,"status":"reviewed","tsunami":0,"sig":312,"net":"us","code":"6000m11s","ids":",us6000m11s,","sources":",us,","types":",moment-tensor,origin,phase-data,","nst":76,"dmin":1.245,"rms":0.81,"gap":72,"magType":"mb","type":"earthquake","title":"M 4.5 - 12 km NNE of Anamizu, Japan"},"geometry":{"type":"Point","coordinates":[136.9617,37.3362,15.301]},"id":"us6000m11s"},
{"type":"Feature","properties":{"mag":4.6,"place":"18 km W of Anamizu, Japan","time":1704138126006,"updated":1705242230040,"tz":null,"url":"https://earthquake.usgs.gov/earthquakes/eventpage/us6000m113","detail":"https://earthquake.usgs.gov/fdsnws/event/1/query?eventid=us6000m113&format=geojson","felt":null,"cdi":null,"mmi":null,"alert":null,"status":"reviewed","tsunami":0,"sig":326,"net":"us","code":"6000m113","ids":",us6000m113,","sources":",us,","types":",moment-tensor,origin,phase-data,","nst":76,"dmin":1.389,"rms":0.43,"gap":62,"magType":"mwr","type":"earthquake","title":"M 4.6 - 18 km W of Anamizu, Japan"},"geometry":{"type":"Point","coordinates":[136.6924,37.2247,10]},"id":"us6000m113"},
{"type":"Feature","properties":{"mag":4.5,"place":"24 km NW of Hakui, Japan","time":1704137234289,"updated":1705241755040,"tz":null,"url":"https://earthquake.usgs.gov/earthquakes/eventpage/us6000m110","detail":"https://earthquake.usgs.gov/fdsnws/event/1/query?eventid=us6000m110&format=geojson","felt":null,"cdi":null,"mmi":null,"alert":null,"status":"reviewed","tsunami":0,"sig":312,"net":"us","code":"6000m110","ids":",us6000m110,","sources":",us,","types":",moment-tensor,origin,phase-data,","nst":103,"dmin":1.374,"rms":0.53,"gap":57,"magType":"mwr","type":"earthquake","title":"M 4.5 - 24 km NW of Hakui, Japan"},"geometry":{"type":"Point","coordinates":[136.6184,37.0652,10]},"id":"us6000m110"},
{"type":"Feature","properties":{"mag":4.5,"place":"63 km NE of Anamizu, Japan","time":1704130410183,"updated":1705173147040,"tz":null,"url":"https://earthquake.usgs.gov/earthquakes/eventpage/us6000m10e","detail":"https://earthquake.usgs.gov/fdsnws/event/1/query?eventid=us6000m10e&format=geojson","felt":null,"cdi":null,"mmi":null,"alert":null,"status":"reviewed","tsunami":0,"sig":312,"net":"us","code":"6000m10e","ids":",us6000m10e,","sources":",us,","types":",moment-tensor,origin,phase-data,","nst":103,"dmin":0.776,"rms":0.57,"gap":95,"magType":"mwr","type":"earthquake","title":"M 4.5 - 63 km NE of Anamizu, Japan"},"geometry":{"type":"Point","coordinates":[137.4755,37.5722,10]},"id":"us6000m10e"},
{"type":"Feature","properties":{"mag":4.5,"place":"26 km NE of Anamizu, Japan","time":1704114657325,"updated":1704992965040,"tz":null,"url":"https://earthquake.usgs.gov/earthquakes/eventpage/us6000m0zf","detail":"https://earthquake.usgs.gov/fdsnws/event/1/query?eventid=us6000m0zf&format=geojson","felt":null,"cdi":null,"mmi":null,"alert":null,"status":"reviewed","tsunami":0,"sig":312,"net":"us","code":"6000m0zf","ids":",us6000m0zf,","sources":",us,","types":",origin,phase-data,","nst":76,"dmin":1.102,"rms":0.93,"gap":80,"magType":"mb","type":"earthquake","title":"M 4.5 - 26 km NE of Anamizu, Japan"},"geometry":{"type":"Point","coordinates":[137.1401,37.3827,10]},"id":"us6000m0zf"},
{"type":"Feature","properties":{"mag":4.6,"place":"20 km WSW of Anamizu, Japan","time":1704108932467,"updated":1705611685301,"tz":null,"url":"https://earthquake.usgs.gov/earthquakes/eventpage/us6000m0z3","detail":"https://earthquake.usgs.gov/fdsnws/event/1/query?eventid=us6000m0z3&format=geojson","felt":1,"cdi":2.2,"mmi":null,"alert":null,"status":"reviewed","tsunami":0,"sig":326,"net":"us","code":"6000m0z3","ids":",us6000m0z3,","sources":",us,","types":",dyfi,origin,phase-data,","nst":69,"dmin":1.366,"rms":1.09,"gap":61,"magType":"mb","type":"earthquake","title":"M 4.6 - 20 km WSW of Anamizu, Japan"},"geometry":{"type":"Point","coordinates":[136.6829,37.1613,10]},"id":"us6000m0z3"},
{"type":"Feature","properties":{"mag":4.7,"place":"48 km NE of Anamizu, Japan","time":1704106235645,"updated":1705932879040,"tz":null,"url":"https://earthquake.usgs.gov/earthquakes/eventpage/us6000m0yw","detail":"https://earthquake.usgs.gov/fdsnws/event/1/query?eventid=us6000m0yw&format=geojson","felt":null,"cdi":null,"mmi":null,"alert":null,"status":"reviewed","tsunami":0,"sig":340,"net":"us","code":"6000m0yw","ids":",us6000m0yw,","sources":",us,","types":",origin,phase-data,","nst":54,"dmin":0.918,"rms":0.86,"gap":86,"magType":"mb","type":"earthquake","title":"M 4.7 - 48 km NE of Anamizu, Japan"},"geometry":{"type":"Point","coordinates":[137.2865,37.5375,10]},"id":"us6000m0yw"},
{"type":"Feature","properties":{"mag":4.6,"place":"54 km NE of Anamizu, Japan","time":1704102555275,"updated":1705913054040,"tz":null,"url":"https://earthquake.usgs.gov/earthquakes/eventpage/us6000m0yh","detail":"https://earthquake.usgs.gov/fdsnws/event/1/query?eventid=us6000m0yh&format=geojson","felt":null,"cdi":null,"mmi":null,"alert":null,"status":"reviewed","tsunami":0,"sig":326,"net":"us","code":"6000m0yh","ids":",us6000m0yh,","sources":",us,","types":",origin,phase-data,","nst":68,"dmin":0.854,"rms":0.86,"gap":91,"magType":"mb","type":"earthquake","title":"M 4.6 - 54 km NE of Anamizu, Japan"},"geometry":{"type":"Point","coordinates":[137.3728,37.5516,10]},"id":"us6000m0yh"},
{"type":"Feature","properties":{"mag":5.1,"place":"60 km SW of Sado, Japan","time":1704102322060,"updated":1705912326040,"tz":null,"url":"https://earthquake.usgs.gov/earthquakes/eventpage/us6000m0yg","detail":"https://earthquake.usgs.gov/fdsnws/event/1/query?eventid=us6000m0yg&format=geojson","felt":null,"cdi":null,"mmi":null,"alert":null,"status":"reviewed","tsunami":0,"sig":400,"net":"us","code":"6000m0yg","ids":",us6000m0yg,","sources":",us,","types":",origin,phase-data,","nst":84,"dmin":0.501,"rms":1.25,"gap":99,"magType":"mb","type":"earthquake","title":"M 5.1 - 60 km SW of Sado, Japan"},"geometry":{"type":"Point","coordinates":[137.8447,37.6593,10]},"id":"us6000m0yg"},
{"type":"Feature","properties":{"mag":5,"place":"23 km WSW of Anamizu, Japan","time":1704101999811,"updated":1705909052040,"tz":null,"url":"https://earthquake.usgs.gov/earthquakes/eventpage/us6000m0yf","detail":"https://earthquake.usgs.gov/fdsnws/event/1/query?eventid=us6000m0yf&format=geojson","felt":null,"cdi":null,"mmi":null,"alert":null,"status":"reviewed","tsunami":0,"sig":385,"net":"us","code":"6000m0yf","ids":",us6000m0yf,","sources":",us,","types":",origin,phase-data,","nst":100,"dmin":1.379,"rms":0.71,"gap":60,"magType":"mb","type":"earthquake","title":"M 5.0 - 23 km WSW of Anamizu, Japan"},"geometry":{"type":"Point","coordinates":[136.6562,37.1479,10]},"id":"us6000m0yf"},
{"type":"Feature","properties":{"mag":5.2,"place":"50 km NE of Anamizu, Japan","time":1704101421401,"updated":1705907159040,"tz":null,"url":"https://earthquake.usgs.gov/earthquakes/eventpage/us6000m0ye","detail":"https://earthquake.usgs.gov/fdsnws/event/1/query?eventid=us6000m0ye&format=geojson","felt":null,"cdi":null,"mmi":null,"alert":null,"status":"reviewed","tsunami":0,"sig":416,"net":"us","code":"6000m0ye","ids":",us6000m0ye,","sources":",us,","types":",origin,phase-data,","nst":123,"dmin":0.893,"rms":0.69,"gap":86,"magType":"mb","type":"earthquake","title":"M 5.2 - 50 km NE of Anamizu, Japan"},"geometry":{"type":"Point","coordinates":[137.3585,37.4998,10]},"id":"us6000m0ye"},
{"type":"Feature","properties":{"mag":5.6,"place":"54 km NE of Anamizu, Japan","time":1704100097603,"updated":1705740244060,"tz":null,"url":"https://earthquake.usgs.gov/earthquakes/eventpage/us6000m0ya","detail":"https://earthquake.usgs.gov/fdsnws/event/1/query?eventid=us6000m0ya&format=geojson","felt":null,"cdi":null,"mmi":6.677,"alert":"green","status":"reviewed","tsunami":0,"sig":482,"net":"us","code":"6000m0ya","ids":",us6000m0ya,","sources":",us,","types":",losspager,origin,phase-data,shakemap,","nst":146,"dmin":0.856,"rms":0.71,"gap":50,"magType":"mb","type":"earthquake","title":"M 5.6 - 54 km NE of Anamizu, Japan"},"geometry":{"type":"Point","coordinates":[137.4029,37.5146,10]},"id":"us6000m0ya"},
{"type":"Feature","properties":{"mag":5.5,"place":"56 km NE of Anamizu, Japan","time":1704099828885,"updated":1705737128190,"tz":null,"url":"https://earthquake.usgs.gov/earthquakes/eventpage/us6000m0y9","detail":"https://earthquake.usgs.gov/fdsnws/event/1/query?eventid=us6000m0y9&format=geojson","felt":1,"cdi":6.1,"mmi":6.381,"alert":"green","status":"reviewed","tsunami":0,"sig":466,"net":"us","code":"6000m0y9","ids":",us6000m0y9,","sources":",us,","types":",dyfi,losspager,origin,phase-data,shakemap,","nst":131,"dmin":0.838,"rms":0.76,"gap":43,"magType":"mb","type":"earthquake","title":"M 5.5 - 56 km NE of Anamizu, Japan"},"geometry":{"type":"Point","coordinates":[137.4121,37.5358,10]},"id":"us6000m0y9"},
{"type":"Feature","properties":{"mag":4.8,"place":"57 km NNW of Itoigawa, Japan","time":1704097743393,"updated":1704098853040,"tz":null,"url":"https://earthquake.usgs.gov/earthquakes/eventpage/us6000m0y1","detail":"https://earthquake.usgs.gov/fdsnws/event/1/query?eventid=us6000m0y1&format=geojson","felt":null,"cdi":null,"mmi":null,"alert":null,"status":"reviewed","tsunami":0,"sig":354,"net":"us","code":"6000m0y1","ids":",us6000m0y1,","sources":",us,","types":",origin,phase-data,","nst":46,"dmin":0.806,"rms":0.81,"gap":98,"magType":"mb","type":"earthquake","title":"M 4.8 - 57 km NNW of Itoigawa, Japan"},"geometry":{"type":"Point","coordinates":[137.5275,37.4782,10]},"id":"us6000m0y1"},
{"type":"Feature","properties":{"mag":4.9,"place":"38 km ENE of Anamizu, Japan","time":1704097331402,"updated":1704098324040,"tz":null,"url":"https://earthquake.usgs.gov/earthquakes/eventpage/us6000m0xy","detail":"https://earthquake.usgs.gov/fdsnws/event/1/query?eventid=us6000m0xy&format=geojson","felt":null,"cdi":null,"mmi":null,"alert":null,"status":"reviewed","tsunami":0,"sig":369,"net":"us","code":"6000m0xy","ids":",us6000m0xy,","sources":",us,","types":",origin,phase-data,","nst":53,"dmin":1.005,"rms":1.03,"gap":86,"magType":"mb","type":"earthquake","title":"M 4.9 - 38 km ENE of Anamizu, Japan"},"geometry":{"type":"Point","coordinates":[137.2656,37.4122,10]},"id":"us6000m0xy"},
{"type":"Feature","properties":{"mag":4.8,"place":"41 km NE of Anamizu, Japan","time":1704097067180,"updated":1704098652040,"tz":null,"url":"https://earthquake.usgs.gov/earthquakes/eventpage/us6000m0xx","detail":"https://earthquake.usgs.gov/fdsnws/event/1/query?eventid=us6000m0xx&format=geojson","felt":null,"cdi":null,"mmi":null,"alert":null,"status":"reviewed","tsunami":0,"sig":354,"net":"us","code":"6000m0xx","ids":",us6000m0xx,","sources":",us,","types":",origin,phase-data,","nst":50,"dmin":0.972,"rms":0.76,"gap":85,"magType":"mb","type":"earthquake","title":"M 4.8 - 41 km NE of Anamizu, Japan"},"geometry":{"type":"Point","coordinates":[137.2466,37.4888,10]},"id":"us6000m0xx"},
{"type":"Feature","properties":{"mag":5.1,"place":"24 km WSW of Anamizu, Japan","time":1704096431635,"updated":1704097429040,"tz":null,"url":"https://earthquake.usgs.gov/earthquakes/eventpage/us6000m0xw","detail":"https://earthquake.usgs.gov/fdsnws/event/1/query?eventid=us6000m0xw&format=geojson","felt":null,"cdi":null,"mmi":null,"alert":null,"status":"reviewed","tsunami":0,"sig":400,"net":"us","code":"6000m0xw","ids":",us6000m0xw,","sources":",us,","types":",origin,phase-data,","nst":67,"dmin":1.356,"rms":1.02,"gap":60,"magType":"mb","type":"earthquake","title":"M 5.1 - 24 km WSW of Anamizu, Japan"},"geometry":{"type":"Point","coordinates":[136.6676,37.1111,10]},"id":"us6000m0xw"},
{"type":"Feature","properties":{"mag":5,"place":"58 km ENE of Anamizu, Japan","time":1704096165362,"updated":1704097069040,"tz":null,"url":"https://earthquake.usgs.gov/earthquakes/eventpage/us6000m0xu","detail":"https://earthquake.usgs.gov/fdsnws/event/1/query?eventid=us6000m0xu&format=geojson","felt":null,"cdi":null,"mmi":null,"alert":null,"status":"reviewed","tsunami":0,"sig":385,"net":"us","code":"6000m0xu","ids":",us6000m0xu,","sources":",us,","types":",origin,phase-data,","nst":49,"dmin":0.818,"rms":0.79,"gap":93,"magType":"mb","type":"earthquake","title":"M 5.0 - 58 km ENE of Anamizu, Japan"},"geometry":{"type":"Point","coordinates":[137.4592,37.5198,10]},"id":"us6000m0xu"},
{"type":"Feature","properties":{"mag":5.6,"place":"8 km NNE of Anamizu, Japan","time":1704095808113,"updated":1704182618509,"tz":null,"url":"https://earthquake.usgs.gov/earthquakes/eventpage/us6000m0xt","detail":"https://earthquake.usgs.gov/fdsnws/event/1/query?eventid=us6000m0xt&format=geojson","felt":null,"cdi":null,"mmi":6.783,"alert":"green","status":"reviewed","tsunami":0,"sig":482,"net":"us","code":"6000m0xt","ids":",us6000m0xt,","sources":",us,","types":",losspager,origin,phase-data,shakemap,","nst":103,"dmin":1.256,"rms":1.18,"gap":71,"magType":"mww","type":"earthquake","title":"M 5.6 - 8 km NNE of Anamizu, Japan"},"geometry":{"type":"Point","coordinates":[136.9462,37.2969,10]},"id":"us6000m0xt"},
{"type":"Feature","properties":{"mag":4.9,"place":"6 km N of Anamizu, Japan","time":1704095294897,"updated":1704098555040,"tz":null,"url":"https://earthquake.usgs.gov/earthquakes/eventpage/us6000m0xp","detail":"https://earthquake.usgs.gov/fdsnws/event/1/query?eventid=us6000m0xp&format=geojson","felt":null,"cdi":null,"mmi":null,"alert":null,"status":"reviewed","tsunami":0,"sig":369,"net":"us","code":"6000m0xp","ids":",us6000m0xp,","sources":",us,","types":",origin,phase-data,","nst":30,"dmin":1.286,"rms":0.97,"gap":73,"magType":"mb","type":"earthquake","title":"M 4.9 - 6 km N of Anamizu, Japan"},"geometry":{"type":"Point","coordinates":[136.8928,37.2878,10]},"id":"us6000m0xp"},
{"type":"Feature","properties":{"mag":5.2,"place":"58 km ENE of Anamizu, Japan","time":1704094789493,"updated":1704228892432,"tz":null,"url":"https://earthquake.usgs.gov/earthquakes/eventpage/us6000m0xn","detail":"https://earthquake.usgs.gov/fdsnws/event/1/query?eventid=us6000m0xn&format=geojson","felt":0,"cdi":1,"mmi":null,"alert":null,"status":"reviewed","tsunami":0,"sig":416,"net":"us","code":"6000m0xn","ids":",us6000m0xn,","sources":",us,","types":",dyfi,origin,phase-data,","nst":68,"dmin":0.83,"rms":0.8,"gap":93,"magType":"mb","type":"earthquake","title":"M 5.2 - 58 km ENE of Anamizu, Japan"},"geometry":{"type":"Point","coordinates":[137.4688,37.4928,10]},"id":"us6000m0xn"},
{"type":"Feature","properties":{"mag":6.2,"place":"4 km SSW of Anamizu, Japan","time":1704093522037,"updated":1704239153771,"tz":null,"url":"https://earthquake.usgs.gov/earthquakes/eventpage/us6000m0xm","detail":"https://earthquake.usgs.gov/fdsnws/event/1/query?eventid=us6000m0xm&format=geojson","felt":5,"cdi":8.7,"mmi":7.028,"alert":"green","status":"reviewed","tsunami":0,"sig":596,"net":"us","code":"6000m0xm","ids":",us6000m0xm,","sources":",us,","types":",dyfi,ground-failure,losspager,origin,phase-data,shakemap,","nst":94,"dmin":1.251,"rms":0.85,"gap":33,"magType":"mb","type":"earthquake","title":"M 6.2 - 4 km SSW of Anamizu, Japan"},"geometry":{"type":"Point","coordinates":[136.8697,37.1959,10]},"id":"us6000m0xm"},
{"type":"Feature","properties":{"mag":7.5,"place":"2024 Noto Peninsula, Japan Earthquake","time":1704093009692,"updated":1706021970727,"tz":null,"url":"https://earthquake.usgs.gov/earthquakes/eventpage/us6000m0xl","detail":"https://earthquake.usgs.gov/fdsnws/event/1/query?eventid=us6000m0xl&format=geojson","felt":397,"cdi":9.1,"mmi":8.905,"alert":"red","status":"reviewed","tsunami":1,"sig":2361,"net":"us","code":"6000m0xl","ids":",pt24001001,at00s6kml3,us6000m0xl,","sources":",pt,at,us,","types":",dyfi,earthquake-name,finite-fault,general-text,ground-failure,impact-link,internal-origin,losspager,moment-tensor,origin,phase-data,shakemap,","nst":120,"dmin":0.97,"rms":1.01,"gap":39,"magType":"mww","type":"earthquake","title":"M 7.5 - 2024 Noto Peninsula, Japan Earthquake"},"geometry":{"type":"Point","coordinates":[137.2416,37.4976,10]},"id":"us6000m0xl"},
{"type":"Feature","properties":{"mag":5.5,"place":"42 km NE of Anamizu, Japan","time":1704092765619,"updated":1704228831907,"tz":null,"url":"https://earthquake.usgs.gov/earthquakes/eventpage/us6000m0xj","detail":"https://earthquake.usgs.gov/fdsnws/event/1/query?eventid=us6000m0xj&format=geojson","felt":1,"cdi":4.3,"mmi":6.673,"alert":"green","status":"reviewed","tsunami":0,"sig":466,"net":"us","code":"6000m0xj","ids":",us6000m0xj,pt24001000,","sources":",us,pt,","types":",dyfi,internal-origin,losspager,origin,phase-data,shakemap,","nst":119,"dmin":0.967,"rms":0.82,"gap":53,"magType":"mww","type":"earthquake","title":"M 5.5 - 42 km NE of Anamizu, Japan"},"geometry":{"type":"Point","coordinates":[137.2389,37.5067,10]},"id":"us6000m0xj"}],"bbox":[136.6184,37.0652,2.34,137.8447,37.6904,15.301]}